seq,cam_view,start_frame,end_frame,url,gait_event,dataset,gait_pat,title,uploader,fps,start_time,end_time,duration,checksum,width,height
cljvw0vgp000i3n6lf0ykyacv,front,1,524,https://www.youtube.com/watch?v=42Nu-u7LRJE,nan,Abnormal Gait,abnormal,Transverse Myelitis Gait - Case Study 10 (Anterior-Posterior),Mission Gait,60.0,00:00:00.017,00:00:08.733,8.717,a7a0197d7773ff92cc7a4b4bda9763c88e720326206d7c4c60a782e751b5f82e,1920,1080
cljvw26w6000m3n6l6z38a9xm,back,2278,3414,https://www.youtube.com/watch?v=42Nu-u7LRJE,nan,Abnormal Gait,abnormal,Transverse Myelitis Gait - Case Study 10 (Anterior-Posterior),Mission Gait,60.0,00:00:37.967,00:00:56.900,18.933,901ae459f44a2579c8ebcd17172f228904fe76aedb9a93e6c06163a39c6c2a91,1920,1080
cljvw2pll000q3n6ljsxpln23,front,3425,3790,https://www.youtube.com/watch?v=42Nu-u7LRJE,nan,Abnormal Gait,abnormal,Transverse Myelitis Gait - Case Study 10 (Anterior-Posterior),Mission Gait,60.0,00:00:57.083,00:01:03.167,6.083,3474e2e5cce8dc0e0b8e7bd1790be7178b4785df893455e89e515b2ce3fbd161,1920,1080
cljvw3sad000u3n6lb57uns3y,back,3888,4257,https://www.youtube.com/watch?v=42Nu-u7LRJE,nan,Abnormal Gait,abnormal,Transverse Myelitis Gait - Case Study 10 (Anterior-Posterior),Mission Gait,60.0,00:01:04.800,00:01:10.950,6.15,ef7840bc40d0e55759797af8c7223e3ee6193ee69c6d7dbcc5436b31fbf52ff7,1920,1080
cljvw49xy000y3n6lgej0434g,front,4278,4958,https://www.youtube.com/watch?v=42Nu-u7LRJE,nan,Abnormal Gait,abnormal,Transverse Myelitis Gait - Case Study 10 (Anterior-Posterior),Mission Gait,60.0,00:01:11.300,00:01:22.633,11.333,5fbcc4f8328fb86d29fb780d48d375dd9ac2306a087e06ba1e0ebf9424a7f5f0,1920,1080
cljvw53pm00113n6l61zxh9f3,back,5312,6359,https://www.youtube.com/watch?v=42Nu-u7LRJE,nan,Abnormal Gait,abnormal,Transverse Myelitis Gait - Case Study 10 (Anterior-Posterior),Mission Gait,60.0,00:01:28.533,00:01:45.983,17.45,9389fb5da6199d413fcd3972e72c3c6c94c0be9019481f0678e74a779ae94ca6,1920,1080
cljw4a7sh00263n6l26jwdqpf,back,1,453,https://www.youtube.com/watch?v=BGMTJ8NJAxA,nan,Abnormal Gait,prosthetic,Case Study 3 - Ant-Post View,Mission Gait,60.0,00:00:00.017,00:00:07.550,7.533,f5a4cbdb28918b9920f03f062e53d02099408fb7cd7c31cfded9518d9860ac99,1920,1080
cljw4az3t002a3n6l7j3i4lee,front,506,914,https://www.youtube.com/watch?v=BGMTJ8NJAxA,nan,Abnormal Gait,prosthetic,Case Study 3 - Ant-Post View,Mission Gait,60.0,00:00:08.433,00:00:15.233,6.8,58a909e2b8cdb81a3b7906412e303429274d7d1eeeeb461ef3cf60be9f5faf4c,1920,1080
cljw4bg4q002e3n6lkugx2mrd,back,932,1920,https://www.youtube.com/watch?v=BGMTJ8NJAxA,nan,Abnormal Gait,prosthetic,Case Study 3 - Ant-Post View,Mission Gait,60.0,00:00:15.533,00:00:32.000,16.467,954d961ebb5569a8703d654c535ac6a3e8b145227c43107e1eb3200b54d7e159,1920,1080
cljw4bvwa002i3n6l11cwtwxq,front,1982,3014,https://www.youtube.com/watch?v=BGMTJ8NJAxA,nan,Abnormal Gait,prosthetic,Case Study 3 - Ant-Post View,Mission Gait,60.0,00:00:33.033,00:00:50.233,17.2,237cff5ee35dbb1c36bfca59588a9e805005c092a5618479ca2dc89f4a2aae7d,1920,1080
cljw6zrh800353n6l76psqelc,left side,1,270,https://www.youtube.com/watch?v=cqbQi5BTsSw,nan,Abnormal Gait,abnormal,"Case Study 7 - ""After"" Walk (Lateral)",Mission Gait,60.0,00:00:00.017,00:00:04.500,4.483,dbd6104f6ae7095e93daad220c8a765a7ef0298b70030f4c5364c578f67e3db6,1920,1080
cljw70c2t00393n6l8ou5prmf,right side,309,574,https://www.youtube.com/watch?v=cqbQi5BTsSw,nan,Abnormal Gait,abnormal,"Case Study 7 - ""After"" Walk (Lateral)",Mission Gait,60.0,00:00:05.150,00:00:09.567,4.417,479b9eaad704b2d71bc849a39668bc0519ad304f220798a4528102f3293700ee,1920,1080
cljw70yj4003d3n6lzhjn55nb,left side,590,1666,https://www.youtube.com/watch?v=cqbQi5BTsSw,nan,Abnormal Gait,abnormal,"Case Study 7 - ""After"" Walk (Lateral)",Mission Gait,60.0,00:00:09.833,00:00:27.767,17.933,e883b61230fd01f23e039efc5cb92cad090915f407040a6ec38b340c23db64ae,1920,1080
cljw7257w003h3n6lgnsitrvd,right side,1805,2897,https://www.youtube.com/watch?v=cqbQi5BTsSw,nan,Abnormal Gait,abnormal,"Case Study 7 - ""After"" Walk (Lateral)",Mission Gait,60.0,00:00:30.083,00:00:48.283,18.2,ddd1d6e5c71d74089b5c64496aad58adc948be4702dd95dd3a538321c0fbffc4,1920,1080
cljw73je6003m3n6l9d63qd2a,left side,291,389,https://www.youtube.com/watch?v=CrToYDUN89A,nan,Abnormal Gait,abnormal,Chronic CVA Gait (Lateral) - Case Study 2,Mission Gait,60.0,00:00:04.850,00:00:06.483,1.633,2903042089c691ab0eabbbf492edd10aada4d420649ec8895fbce7ba0f71c264,1920,1080
cljw743d9003q3n6l8tpmdqtf,right side,524,950,https://www.youtube.com/watch?v=CrToYDUN89A,nan,Abnormal Gait,abnormal,Chronic CVA Gait (Lateral) - Case Study 2,Mission Gait,60.0,00:00:08.733,00:00:15.833,7.1,fece119836855b4a110890ea06bf7f3bd6f104259444c66aaa0abc53ed51dc7b,1920,1080
cljw74mqw003u3n6lmj3h1v6x,left side,1192,1580,https://www.youtube.com/watch?v=CrToYDUN89A,nan,Abnormal Gait,abnormal,Chronic CVA Gait (Lateral) - Case Study 2,Mission Gait,60.0,00:00:19.867,00:00:26.333,6.467,68e87c2d3ae4c0b6582392f016e165723b6f49ff817b8d71633c1f3e8c103da0,1920,1080
cljxkvisw00043n6l32m6unyg,back,1,273,https://www.youtube.com/watch?v=Zi89KGNg9aE,nan,Abnormal Gait,abnormal,Case Study 7 - Barefoot Update (Anterior-Posterior),Mission Gait,60.0,00:00:00.017,00:00:04.550,4.533,baa96586cc5093913bcf775c66fee3f7fd9dc3d012ac7a653651e168be1949d3,1920,1080
cljxkwbqc00083n6l6afotzlq,front,320,561,https://www.youtube.com/watch?v=Zi89KGNg9aE,nan,Abnormal Gait,abnormal,Case Study 7 - Barefoot Update (Anterior-Posterior),Mission Gait,60.0,00:00:05.333,00:00:09.350,4.017,069944ab49fd42f60c718e676688abd4e9e50c264f99f6699cb3d0dc7d954bd7,1920,1080
cljxkx17i000c3n6ldi91r1r9,back,602,1662,https://www.youtube.com/watch?v=Zi89KGNg9aE,nan,Abnormal Gait,abnormal,Case Study 7 - Barefoot Update (Anterior-Posterior),Mission Gait,60.0,00:00:10.033,00:00:27.700,17.667,4cea8d37f2f8c98178b16ec5216689d1a406cc5b9cb24a762a5d77c6d2ac7cee,1920,1080
cljxkxrcq000g3n6l1h9qy95z,front,1824,2818,https://www.youtube.com/watch?v=Zi89KGNg9aE,nan,Abnormal Gait,abnormal,Case Study 7 - Barefoot Update (Anterior-Posterior),Mission Gait,60.0,00:00:30.400,00:00:46.967,16.567,8a3497a978fab98b1c48b7fd22106b62272363aacdea36ff4d8872153b3fc396,1920,1080
clk6kqt7000163n6liyzaaif6,right side,1,198,https://www.youtube.com/watch?v=ErkLnvUHQuc,nan,Abnormal Gait,abnormal,Case Study 11 - 6 Weeks Later,Mission Gait,60.0,00:00:00.017,00:00:03.300,3.283,937d906c0f3219fc167c7e366ef15e714b4ab046e701753f6f716cfa12c65ec5,1920,1080
clk6krh1l001a3n6le4octg6x,left side,1124,1761,https://www.youtube.com/watch?v=ErkLnvUHQuc,nan,Abnormal Gait,abnormal,Case Study 11 - 6 Weeks Later,Mission Gait,60.0,00:00:18.733,00:00:29.350,10.617,11ae03a1999e710871560152ee1620d1b7cc7c56732191672bff81d1cd83087a,1920,1080
clk6ks8hy001e3n6labhtzxzt,front,1783,1958,https://www.youtube.com/watch?v=ErkLnvUHQuc,nan,Abnormal Gait,abnormal,Case Study 11 - 6 Weeks Later,Mission Gait,60.0,00:00:29.717,00:00:32.633,2.917,b499668ced65b8acc19c6af311d540ffcac26bb2339a0a9e88de33f5c28f60fc,1920,1080
clk6ksjhi001i3n6la1jkwelz,back,2004,2189,https://www.youtube.com/watch?v=ErkLnvUHQuc,nan,Abnormal Gait,abnormal,Case Study 11 - 6 Weeks Later,Mission Gait,60.0,00:00:33.400,00:00:36.483,3.083,16d52991eabf15b43939c029209016e5c0740fae820be2e9de4a4ad72c7d41d1,1920,1080
clk6ksvq7001l3n6lh5doclng,front,2212,2696,https://www.youtube.com/watch?v=ErkLnvUHQuc,nan,Abnormal Gait,abnormal,Case Study 11 - 6 Weeks Later,Mission Gait,60.0,00:00:36.867,00:00:44.933,8.067,beed30cf575c0c961c65ca3993441cf7a214711fd6ec3274cdfc0af3d7ca2c0e,1920,1080
clk6ktoi4001o3n6l2m6oag7i,back,2831,3475,https://www.youtube.com/watch?v=ErkLnvUHQuc,nan,Abnormal Gait,abnormal,Case Study 11 - 6 Weeks Later,Mission Gait,60.0,00:00:47.183,00:00:57.917,10.733,90a2ef6d7f874158a6f4fdd1e048db01c94fc50754f213673251b2153ddccf3d,1920,1080
clk6lapp7003e3n6lnpqtai54,right side,1,433,https://www.youtube.com/watch?v=fbY4O04uunE,nan,Abnormal Gait,stroke,Chronic Gait Dystonia - Case Study 29,Mission Gait,60.0,00:00:00.017,00:00:07.217,7.2,e35972ac1f245e49fbb74397ec9af643aac661e30104334292c32fa72f9d5e0c,1920,1080
clk6lb2my003i3n6lesxxkgpf,left side,487,1033,https://www.youtube.com/watch?v=fbY4O04uunE,nan,Abnormal Gait,stroke,Chronic Gait Dystonia - Case Study 29,Mission Gait,60.0,00:00:08.117,00:00:17.217,9.1,f4bc8ca87b5086f75f566cd7bd79e6040f7e582d35460f34dacf87ac21a0decc,1920,1080
clk6lbly5003m3n6l9bjdqiyz,right side,1053,2177,https://www.youtube.com/watch?v=fbY4O04uunE,nan,Abnormal Gait,stroke,Chronic Gait Dystonia - Case Study 29,Mission Gait,60.0,00:00:17.550,00:00:36.283,18.733,a1a7c33ab5802844de5a99fa54b5b4fdf5c559bc6b2e2f996cbd2c73037b2986,1920,1080
clk6lc90h003q3n6lppkjh9f0,left side,2201,3454,https://www.youtube.com/watch?v=fbY4O04uunE,nan,Abnormal Gait,stroke,Chronic Gait Dystonia - Case Study 29,Mission Gait,60.0,00:00:36.683,00:00:57.567,20.883,be0da54bd0cce418d4d82303391c0fbad957bfbd4b7e3fbc155268a31ac95308,1920,1080
clk6lcq54003u3n6llqcmuee5,front,3468,4247,https://www.youtube.com/watch?v=fbY4O04uunE,nan,Abnormal Gait,stroke,Chronic Gait Dystonia - Case Study 29,Mission Gait,60.0,00:00:57.800,00:01:10.783,12.983,0525827d201556085aa8209d98dcd7e1e7b77c072ff020199b29a1bdefe3460a,1920,1080
clk6ld20x003y3n6lmooncyx3,back,4291,4715,https://www.youtube.com/watch?v=fbY4O04uunE,nan,Abnormal Gait,stroke,Chronic Gait Dystonia - Case Study 29,Mission Gait,60.0,00:01:11.517,00:01:18.583,7.067,72e3828ac58d1dbf4b8b9fa2a58230b9372c86e7cd24683f8f248fa1509c614c,1920,1080
clk6ldflp00423n6l9q27b78p,front,4742,6120,https://www.youtube.com/watch?v=fbY4O04uunE,nan,Abnormal Gait,stroke,Chronic Gait Dystonia - Case Study 29,Mission Gait,60.0,00:01:19.033,00:01:42.000,22.967,9d7182a86c3e84439512f070464a934bfed74dcdaefd3b66c93e7a0f72d15c6c,1920,1080
clk6le8lt00463n6l6op89c4x,back,6180,7755,https://www.youtube.com/watch?v=fbY4O04uunE,nan,Abnormal Gait,stroke,Chronic Gait Dystonia - Case Study 29,Mission Gait,60.0,00:01:43.000,00:02:09.250,26.25,00b183a71db5cb913f44156c24f248b7da55d9e66a34e4e874f52589f6fcc495,1920,1080
cll1sz60600053o6lewgeftg3,back,1,319,https://www.youtube.com/watch?v=T8NGOdOMtZ4,nan,Abnormal Gait,abnormal,Case Study 7 - Walking Update (Anterior-Posterior),Mission Gait,60.0,00:00:00.017,00:00:05.317,5.3,ebf56ee26972ff9ec5aef7a0cd7991bc73311ece99b61fc72c3dea7ef353e1f9,1920,1080
cll1t00hj000b3o6ltvcr8m0l,front,369,676,https://www.youtube.com/watch?v=T8NGOdOMtZ4,nan,Abnormal Gait,abnormal,Case Study 7 - Walking Update (Anterior-Posterior),Mission Gait,60.0,00:00:06.150,00:00:11.267,5.117,7a8c48015dc3baf52a566dd382337b71ae865190087c173867d90e980f95a61c,1920,1080
cll1t0vvk000h3o6l7jnt7zo7,back,687,1931,https://www.youtube.com/watch?v=T8NGOdOMtZ4,nan,Abnormal Gait,abnormal,Case Study 7 - Walking Update (Anterior-Posterior),Mission Gait,60.0,00:00:11.450,00:00:32.183,20.733,fafd6e58dff9520eb7a4aefcb8e8d0883df98c8cbebf5d628c7fbcf317a91632,1920,1080
cll1t1y56000n3o6l0erm0qfo,front,2159,3373,https://www.youtube.com/watch?v=T8NGOdOMtZ4,nan,Abnormal Gait,abnormal,Case Study 7 - Walking Update (Anterior-Posterior),Mission Gait,60.0,00:00:35.983,00:00:56.217,20.233,7211bbe584ec13ead8aae3dc12f0baec4a7005b3346643471b6d6c24bddad59c,1920,1080
cll1tfz0t000e3o6l6ypxvap2,right side,1,262,https://www.youtube.com/watch?v=FwJlEV6M1hk,nan,Abnormal Gait,abnormal,Multiple Sclerosis Gait (Lateral) 4 Weeks Later - Case Study,Mission Gait,60.0,00:00:00.017,00:00:04.367,4.35,ab9d8c1e6d0cca0dc0ad2ea211a258df27d7558548c799c6c568c4f56971c490,1920,1080
cll1tggon000i3o6lpdnpztyg,left side,301,553,https://www.youtube.com/watch?v=FwJlEV6M1hk,nan,Abnormal Gait,abnormal,Multiple Sclerosis Gait (Lateral) 4 Weeks Later - Case Study,Mission Gait,60.0,00:00:05.017,00:00:09.217,4.2,cc0b60b07be8e4357521b37bc1527a8db78b8113ae0017c8c5a4610147cb7a07,1920,1080
cll1tgy4z000m3o6lon7dsr95,right side,582,1336,https://www.youtube.com/watch?v=FwJlEV6M1hk,nan,Abnormal Gait,abnormal,Multiple Sclerosis Gait (Lateral) 4 Weeks Later - Case Study,Mission Gait,60.0,00:00:09.700,00:00:22.267,12.567,366023d4d8fad61c00ddf65f631f0b205032a1640ffb66fc86bb64c14739f7d5,1920,1080
cll1thi3n000q3o6lnr0j6u0f,left side,1506,2349,https://www.youtube.com/watch?v=FwJlEV6M1hk,nan,Abnormal Gait,abnormal,Multiple Sclerosis Gait (Lateral) 4 Weeks Later - Case Study,Mission Gait,60.0,00:00:25.100,00:00:39.150,14.05,fcfbbef124dc777257a5ca30f159477ce7b3a3a870b58cf11cb8f5d477c6891a,1920,1080
cll45wx9r00c93o6ls8i3p388,right side,1,303,https://www.youtube.com/watch?v=h2d2sPwD_mU,nan,Abnormal Gait,abnormal,Parkinson's Disease & Low Back Pain - Case Study 21,Mission Gait,60.0,00:00:00.017,00:00:05.050,5.033,f31aad04d09c116c15c03a28ad5908ad6878d1490c5b0ffea225744d2ce10b8a,1920,1080
cll45xfis00cd3o6l8ljdswtv,left side,396,676,https://www.youtube.com/watch?v=h2d2sPwD_mU,nan,Abnormal Gait,abnormal,Parkinson's Disease & Low Back Pain - Case Study 21,Mission Gait,60.0,00:00:06.600,00:00:11.267,4.667,963a51d1219f8c535365b83f92e503573fe9707a9af04fdc2e71a5b768f90bb9,1920,1080
cll45y7bn00ch3o6lda25s1bw,right side,703,1359,https://www.youtube.com/watch?v=h2d2sPwD_mU,nan,Abnormal Gait,abnormal,Parkinson's Disease & Low Back Pain - Case Study 21,Mission Gait,60.0,00:00:11.717,00:00:22.650,10.933,bf8b123519ee6c5f8f4998cec78c152d14674c1a86bc6122292391c2d0fc9d09,1920,1080
cll45yous00cl3o6l3amef1hg,left side,1383,2039,https://www.youtube.com/watch?v=h2d2sPwD_mU,nan,Abnormal Gait,abnormal,Parkinson's Disease & Low Back Pain - Case Study 21,Mission Gait,60.0,00:00:23.050,00:00:33.983,10.933,9055097d61205f7465ccc56261f59d8d892d93afbd1bbdcfb072d16b390814d5,1920,1080
cll45za6600cp3o6l44cswqa9,front,2057,2297,https://www.youtube.com/watch?v=h2d2sPwD_mU,nan,Abnormal Gait,abnormal,Parkinson's Disease & Low Back Pain - Case Study 21,Mission Gait,60.0,00:00:34.283,00:00:38.283,4.0,6de0a0e97f1749cde3d26cace8613c2b565c472e7f6dd34f9e69b2de60b0f8d2,1920,1080
cll45zkrs00ct3o6loe94okf8,back,2370,2673,https://www.youtube.com/watch?v=h2d2sPwD_mU,nan,Abnormal Gait,abnormal,Parkinson's Disease & Low Back Pain - Case Study 21,Mission Gait,60.0,00:00:39.500,00:00:44.550,5.05,fee4e42ead6269b4b1fd0ed453e5db9beb53cae4d919961d801ad68802f7e266,1920,1080
cll46063b00cx3o6lkq2cvt1y,front,2690,3339,https://www.youtube.com/watch?v=h2d2sPwD_mU,nan,Abnormal Gait,abnormal,Parkinson's Disease & Low Back Pain - Case Study 21,Mission Gait,60.0,00:00:44.833,00:00:55.650,10.817,b03a3366661494f46e981701b46070b54b7f7c2da2716cf9f9eac60c46fca5af,1920,1080
cll460wqp00d13o6lp5bsf1ku,back,3364,4029,https://www.youtube.com/watch?v=h2d2sPwD_mU,nan,Abnormal Gait,abnormal,Parkinson's Disease & Low Back Pain - Case Study 21,Mission Gait,60.0,00:00:56.067,00:01:07.150,11.083,8fccd2db3a5766846aeecb35a132af0218812e1ea40a7e532be0dad828c5783f,1920,1080
cll4sar1800053o6lrjwfg70j,right side,1,533,https://www.youtube.com/watch?v=hnoIST5gg9U,nan,Abnormal Gait,abnormal,Chronic Hemiparetic Gait (cane & AFO) - Case Study 17,Mission Gait,60.0,00:00:00.017,00:00:08.883,8.867,c7309efb433667c2535b1b3e00f6818b5ea479cf4a091a99776143149c535c1d,1920,1080
cll4sbha700093o6ly9spvstq,left side,747,1220,https://www.youtube.com/watch?v=hnoIST5gg9U,nan,Abnormal Gait,abnormal,Chronic Hemiparetic Gait (cane & AFO) - Case Study 17,Mission Gait,60.0,00:00:12.450,00:00:20.333,7.883,6d2920e811e5c189b1eed8b518b63687530c3164b430dcdc12df03d67797151f,1920,1080
cll4sbxmi000d3o6lcj9aah8k,right side,1249,2590,https://www.youtube.com/watch?v=hnoIST5gg9U,nan,Abnormal Gait,abnormal,Chronic Hemiparetic Gait (cane & AFO) - Case Study 17,Mission Gait,60.0,00:00:20.817,00:00:43.167,22.35,2e1f228f2dc214224c648512a8ac5eee3f9a8a5bb0f8a0d0ce9ae4b64775d2ee,1920,1080
cll4scju3000h3o6ls1eg53cq,left side,2609,3771,https://www.youtube.com/watch?v=hnoIST5gg9U,nan,Abnormal Gait,abnormal,Chronic Hemiparetic Gait (cane & AFO) - Case Study 17,Mission Gait,60.0,00:00:43.483,00:01:02.850,19.367,f16d3eda9a6a4acda803410644d007c77de3db7284ec4b29c7db3fb5820e7837,1920,1080
cll4scvxa000k3o6lyevj3yli,front,3783,4287,https://www.youtube.com/watch?v=hnoIST5gg9U,nan,Abnormal Gait,abnormal,Chronic Hemiparetic Gait (cane & AFO) - Case Study 17,Mission Gait,60.0,00:01:03.050,00:01:11.450,8.4,5d3a48a054fadfaf28cd3dcdee1e33d7c4f9652425c7e6a04085671e21f24304,1920,1080
cll4sddkv000o3o6lpm75iyoy,back,4434,4879,https://www.youtube.com/watch?v=hnoIST5gg9U,nan,Abnormal Gait,abnormal,Chronic Hemiparetic Gait (cane & AFO) - Case Study 17,Mission Gait,60.0,00:01:13.900,00:01:21.317,7.417,11a45af08895ca06990538dcb2301105c1f1dddf4f9580647fecea1260e25091,1920,1080
cll4sduso000s3o6lkjb878it,front,4899,5888,https://www.youtube.com/watch?v=hnoIST5gg9U,nan,Abnormal Gait,abnormal,Chronic Hemiparetic Gait (cane & AFO) - Case Study 17,Mission Gait,60.0,00:01:21.650,00:01:38.133,16.483,8077927bd7ca6a41b578299309ae80e474f6bdfa25e6a13b5a84db767a38fb15,1920,1080
cll4seb5n000v3o6lwdsjtqzy,back,5906,7023,https://www.youtube.com/watch?v=hnoIST5gg9U,nan,Abnormal Gait,abnormal,Chronic Hemiparetic Gait (cane & AFO) - Case Study 17,Mission Gait,60.0,00:01:38.433,00:01:57.050,18.617,9f621e14fda9b44ec0cb8136d246821bfc9e632a4ca875cf26a849fa0a900056,1920,1080
cll4sqano00343o6libyypvif,right side,44,99,https://www.youtube.com/watch?v=hhRODJNUZik,nan,Abnormal Gait,prosthetic,Hop-Skip Running - Above Knee Amputee (C-Leg),Mission Gait,60.0,00:00:00.733,00:00:01.650,0.917,52e536252083ab61ca9195d5a0d894f2d6fa5549f6c95e44720bf4659201baef,1920,1080
cll4sqvdl00383o6lhsd4an2j,left side,215,270,https://www.youtube.com/watch?v=hhRODJNUZik,nan,Abnormal Gait,prosthetic,Hop-Skip Running - Above Knee Amputee (C-Leg),Mission Gait,60.0,00:00:03.583,00:00:04.500,0.917,0a1f7d67fd4ec75895e87a41601f544d30f7fa1539519314cc361f51a5b5e9e2,1920,1080
cll4srfuc003c3o6lgsrgugi8,right side,444,689,https://www.youtube.com/watch?v=hhRODJNUZik,nan,Abnormal Gait,prosthetic,Hop-Skip Running - Above Knee Amputee (C-Leg),Mission Gait,60.0,00:00:07.400,00:00:11.483,4.083,70cf030a88e118dea8f52902fbf40f20492302dbf3370bedae713a38b6cd42e1,1920,1080
cll4ss28r003g3o6ldu082dxy,left side,971,1215,https://www.youtube.com/watch?v=hhRODJNUZik,nan,Abnormal Gait,prosthetic,Hop-Skip Running - Above Knee Amputee (C-Leg),Mission Gait,60.0,00:00:16.183,00:00:20.250,4.067,9b97cbdb53af6fd3ff35322b6af85ab88c0d3317385ee3c45ed71203f4ff40ed,1920,1080
cll4ssg7d003k3o6lp1s8zs9g,front,1315,1414,https://www.youtube.com/watch?v=hhRODJNUZik,nan,Abnormal Gait,prosthetic,Hop-Skip Running - Above Knee Amputee (C-Leg),Mission Gait,60.0,00:00:21.917,00:00:23.567,1.65,61f2b9599eabd372539c7d0905a80b3ee5006b517e1e79055ae562984728d5bd,1920,1080
cll4st1rv003o3o6l7sfx8uhq,back,1539,1633,https://www.youtube.com/watch?v=hhRODJNUZik,nan,Abnormal Gait,prosthetic,Hop-Skip Running - Above Knee Amputee (C-Leg),Mission Gait,60.0,00:00:25.650,00:00:27.217,1.567,51421b09e75bbd6ae555d83db219fe799a21dbb24f41e33d524e0db83d3b83f0,1920,1080
cll4stl3f003s3o6l8w1r71n6,front,1774,2177,https://www.youtube.com/watch?v=hhRODJNUZik,nan,Abnormal Gait,prosthetic,Hop-Skip Running - Above Knee Amputee (C-Leg),Mission Gait,60.0,00:00:29.567,00:00:36.283,6.717,1cb300cedf110f60389fe186a6d2955e070cd78af1f15c48fcad8b4a498459c3,1920,1080
cll4su2eu003w3o6l5wzs40yw,back,2679,3070,https://www.youtube.com/watch?v=hhRODJNUZik,nan,Abnormal Gait,prosthetic,Hop-Skip Running - Above Knee Amputee (C-Leg),Mission Gait,60.0,00:00:44.650,00:00:51.167,6.517,54ced6f53b5d1568d91c4b66edbef70492403c5b9e726a68c19f52e12b6f6cf8,1920,1080
cll4vbibu004h3o6ldilydl4z,front,1,127,https://www.youtube.com/watch?v=hUON3OqCNys,nan,Abnormal Gait,abnormal,Chronic CVA Gait (Anterior-Posterior) - Case Study 2,Mission Gait,60.0,00:00:00.017,00:00:02.117,2.1,238f7b60901c919acef30f642dd3e1936a34752407a512f1eea301b8fb49d62e,1920,1080
cll4vbxym004l3o6lrc6asiky,back,332,440,https://www.youtube.com/watch?v=hUON3OqCNys,nan,Abnormal Gait,abnormal,Chronic CVA Gait (Anterior-Posterior) - Case Study 2,Mission Gait,60.0,00:00:05.533,00:00:07.333,1.8,7799b545af916cead8886d6f304d73cdd9c06da897f8fd2a62e026189d597294,1920,1080
cll4vcbd6004p3o6lid3c1g9g,front,523,654,https://www.youtube.com/watch?v=hUON3OqCNys,nan,Abnormal Gait,abnormal,Chronic CVA Gait (Anterior-Posterior) - Case Study 2,Mission Gait,60.0,00:00:08.717,00:00:10.900,2.183,f6c2e5f97bff87878687670836aae54eb23a396b43efc5d449db341d31f98df5,1920,1080
cll4vcq7i004t3o6ljvfqfw5h,back,888,1040,https://www.youtube.com/watch?v=hUON3OqCNys,nan,Abnormal Gait,abnormal,Chronic CVA Gait (Anterior-Posterior) - Case Study 2,Mission Gait,60.0,00:00:14.800,00:00:17.333,2.533,765551b36648ee34d56f62257a5980dd71241a1dd671b4c77f6b657f9eaa78dc,1920,1080
cll4vdrb3004x3o6llssiwhnc,front,1570,1971,https://www.youtube.com/watch?v=hUON3OqCNys,nan,Abnormal Gait,abnormal,Chronic CVA Gait (Anterior-Posterior) - Case Study 2,Mission Gait,60.0,00:00:26.167,00:00:32.850,6.683,bd1dcfd9dc8b80b24cdd56178bb07e1906601b77fee8f7335e7584368bf1f410,1920,1080
cll4vednu00513o6lipvtz0oz,back,2885,3361,https://www.youtube.com/watch?v=hUON3OqCNys,nan,Abnormal Gait,abnormal,Chronic CVA Gait (Anterior-Posterior) - Case Study 2,Mission Gait,60.0,00:00:48.083,00:00:56.017,7.933,7ed654fb39378008426b2bf04cf1aa1f1b9e9bec2dbb333b24029e5dd0c12062,1920,1080
cll7492n5000k3o6lv2s5m91s,right side,1,143,https://www.youtube.com/watch?v=i3cgwFdqSfs,nan,Abnormal Gait,abnormal,Case Study 11 - 10 Weeks Later,Mission Gait,60.0,00:00:00.017,00:00:02.383,2.367,5f0a4094f7a5c40704c8ec818b8b67a8ce8c2c6c41bf0c1575bce714372e7a3f,1920,1080
cll749gur000o3o6liy16wuvp,left side,189,336,https://www.youtube.com/watch?v=i3cgwFdqSfs,nan,Abnormal Gait,abnormal,Case Study 11 - 10 Weeks Later,Mission Gait,60.0,00:00:03.150,00:00:05.600,2.45,6ba17e37e9c71b6c3272bef73b56f4bdfd4213ef75d47f45a51fb664ab39dba3,1920,1080
cll749ze3000s3o6lpoucotf0,right side,350,766,https://www.youtube.com/watch?v=i3cgwFdqSfs,nan,Abnormal Gait,abnormal,Case Study 11 - 10 Weeks Later,Mission Gait,60.0,00:00:05.833,00:00:12.767,6.933,2380ab1eb58ea03d4f4fc510d8d676c2f0c760adaa45c838fafbc99497e4534c,1920,1080
cll74aq06000w3o6l1li6whdq,left side,778,1148,https://www.youtube.com/watch?v=i3cgwFdqSfs,nan,Abnormal Gait,abnormal,Case Study 11 - 10 Weeks Later,Mission Gait,60.0,00:00:12.967,00:00:19.133,6.167,5fd3231fac81580392d16ec55f94bbfe3f27fe42276248c04cb01603117ee384,1920,1080
cll74bcch00103o6ljzbks9ds,front,1165,1319,https://www.youtube.com/watch?v=i3cgwFdqSfs,nan,Abnormal Gait,abnormal,Case Study 11 - 10 Weeks Later,Mission Gait,60.0,00:00:19.417,00:00:21.983,2.567,65dd93deafab1062c63157ac378ba52362dc46127137aefa087fd3e04f99d740,1920,1080
cll74bxqz00143o6luhlnqxyb,back,1379,1543,https://www.youtube.com/watch?v=i3cgwFdqSfs,nan,Abnormal Gait,abnormal,Case Study 11 - 10 Weeks Later,Mission Gait,60.0,00:00:22.983,00:00:25.717,2.733,2fd3e858fba8a50d7a9a85ed5472a7c3e0df2f688092beb16f2f4c9195906768,1920,1080
cll74cfvn00183o6lzjgjf4sy,front,1556,1948,https://www.youtube.com/watch?v=i3cgwFdqSfs,nan,Abnormal Gait,abnormal,Case Study 11 - 10 Weeks Later,Mission Gait,60.0,00:00:25.933,00:00:32.467,6.533,0bf52aed471506c5007478a8556f923944b6cbb73ca0f7f17186b0e0f7b8b7ee,1920,1080
cll74cz9o001c3o6ld19cusaf,back,1963,2322,https://www.youtube.com/watch?v=i3cgwFdqSfs,nan,Abnormal Gait,abnormal,Case Study 11 - 10 Weeks Later,Mission Gait,60.0,00:00:32.717,00:00:38.700,5.983,f22b8b9b63ce2f4d444e258a4a6ed07631e1254b71ba3f9ad2cec15ebbb2857c,1920,1080
cll7b5520001b3o6ltainxzq7,right side,1,454,https://www.youtube.com/watch?v=IV_IsstW-gA,nan,Abnormal Gait,abnormal,Chronic Hemiparetic Gait - Case Study 17,Mission Gait,60.0,00:00:00.017,00:00:07.567,7.55,4427d5657691ebb230f2c5d2f5db51fe48789bac611d37f8f0c847ac3293e31f,1920,1080
cll7b5mmr001f3o6ler43480l,left side,549,882,https://www.youtube.com/watch?v=IV_IsstW-gA,nan,Abnormal Gait,abnormal,Chronic Hemiparetic Gait - Case Study 17,Mission Gait,60.0,00:00:09.150,00:00:14.700,5.55,2028f879c91dfe3e8481cab4f28638e403bba75f11b62dd70b364526902e11e7,1920,1080
cll7b64pr001j3o6l51wteo3i,right side,902,2077,https://www.youtube.com/watch?v=IV_IsstW-gA,nan,Abnormal Gait,abnormal,Chronic Hemiparetic Gait - Case Study 17,Mission Gait,60.0,00:00:15.033,00:00:34.617,19.583,d41ecb39c333b4474410a7f68a349d231b3a6bf74b491a7c98c730bde32705fc,1920,1080
cll7b6r02001n3o6lon9p2jw9,left side,2107,3208,https://www.youtube.com/watch?v=IV_IsstW-gA,nan,Abnormal Gait,abnormal,Chronic Hemiparetic Gait - Case Study 17,Mission Gait,60.0,00:00:35.117,00:00:53.467,18.35,0e55d654989502ec4b7f4f35db9a9e2301dc99ef4197a2684af07940f3ff97b8,1920,1080
cll7b79a7001r3o6lmg9zv8kx,front,3218,3566,https://www.youtube.com/watch?v=IV_IsstW-gA,nan,Abnormal Gait,abnormal,Chronic Hemiparetic Gait - Case Study 17,Mission Gait,60.0,00:00:53.633,00:00:59.433,5.8,b26aeb16a85407e7181882b10d30392436f5c2c23946da992ae3c4ec69311afd,1920,1080
cll7b7wg2001v3o6lai7giyv9,back,3673,3930,https://www.youtube.com/watch?v=IV_IsstW-gA,nan,Abnormal Gait,abnormal,Chronic Hemiparetic Gait - Case Study 17,Mission Gait,60.0,00:01:01.217,00:01:05.500,4.283,844ff9665b7d9cd0e5fa4f9830085b902affbd200a4a8244c83cb0d8740815ba,1920,1080
cll7b8e7l001z3o6lrl1ng69n,front,3948,4986,https://www.youtube.com/watch?v=IV_IsstW-gA,nan,Abnormal Gait,abnormal,Chronic Hemiparetic Gait - Case Study 17,Mission Gait,60.0,00:01:05.800,00:01:23.100,17.3,d2d170762269324489d49d3c9f2ac60eeec5d2e157b27fca29019d0d2186e70a,1920,1080
cll7b8rqh00233o6lu29ve8tx,back,5002,5895,https://www.youtube.com/watch?v=IV_IsstW-gA,nan,Abnormal Gait,abnormal,Chronic Hemiparetic Gait - Case Study 17,Mission Gait,60.0,00:01:23.367,00:01:38.250,14.883,3454798d7248f5a3b35f2cdbc178801c0c2967ea8f8307ef74e0602d48bd1333,1920,1080
cll7bh2lv00333o6l66gqcyq3,back,1,420,https://www.youtube.com/watch?v=JRS8q8Ri8Jo,nan,Abnormal Gait,abnormal,"Case Study 7 - ""After"" Walk (Anterior-Posterior)",Mission Gait,60.0,00:00:00.017,00:00:07.000,6.983,5706d2d5d8f0b93b8f675c0bfe4270645d654d2daec5775db7228f6db09720f7,1920,1080
cll7bhnmu00373o6lsa7y9j51,front,466,805,https://www.youtube.com/watch?v=JRS8q8Ri8Jo,nan,Abnormal Gait,abnormal,"Case Study 7 - ""After"" Walk (Anterior-Posterior)",Mission Gait,60.0,00:00:07.767,00:00:13.417,5.65,63d6b37677a6a05fd9bef596c2b71b2033bfc6c8bcc6b6646fb46002fc4b2034,1920,1080
cll7bjqen003b3o6ljt1q648r,back,817,1882,https://www.youtube.com/watch?v=JRS8q8Ri8Jo,nan,Abnormal Gait,abnormal,"Case Study 7 - ""After"" Walk (Anterior-Posterior)",Mission Gait,60.0,00:00:13.617,00:00:31.367,17.75,a2d3f1709882076254ffc57a9780e5145a1f03ef3248f952604899e0cfe41200,1920,1080
cll7nivjk00043o6llmtvg69b,front,2056,2828,https://www.youtube.com/watch?v=JRS8q8Ri8Jo,nan,Abnormal Gait,abnormal,"Case Study 7 - ""After"" Walk (Anterior-Posterior)",Mission Gait,60.0,00:00:34.267,00:00:47.133,12.867,fb74909b87ab6af4ff83e0de9cef9031a2d4c2387dc6f9968c1c291c884c4862,1920,1080
cll7nz8sk00213o6lvx7830ce,right side,1,210,https://www.youtube.com/watch?v=k_u1odxxsWY,nan,Abnormal Gait,abnormal,Leg Length Discrepancy (LLD) Gait (Case Study 31),Mission Gait,60.0,00:00:00.017,00:00:03.500,3.483,aabb9fa6cac6462d2d3e843a138653acd637d235c544c29be756199da1ee7d56,1920,1080
cll7nzrgj00253o6lf04usvqf,left side,255,495,https://www.youtube.com/watch?v=k_u1odxxsWY,nan,Abnormal Gait,abnormal,Leg Length Discrepancy (LLD) Gait (Case Study 31),Mission Gait,60.0,00:00:04.250,00:00:08.250,4.0,3f41e3dda3dd9ef0496c054c33e63903a586912a5848d119269493fa4718bd31,1920,1080
cll7o0dy800293o6l6s9oc5ys,right side,508,1189,https://www.youtube.com/watch?v=k_u1odxxsWY,nan,Abnormal Gait,abnormal,Leg Length Discrepancy (LLD) Gait (Case Study 31),Mission Gait,60.0,00:00:08.467,00:00:19.817,11.35,734190e5f1f1fd92d94276ebb329e398bdd05dcd7a3028b3afa52093be9f253b,1920,1080
cll7o1528002d3o6lbwomj1bu,left side,1202,1958,https://www.youtube.com/watch?v=k_u1odxxsWY,nan,Abnormal Gait,abnormal,Leg Length Discrepancy (LLD) Gait (Case Study 31),Mission Gait,60.0,00:00:20.033,00:00:32.633,12.6,79447cf30386b1b6193aeb5a70f97295999d5ba7286c73bba5cbe7a77f4c48e8,1920,1080
cll7o1pfd002h3o6lslcoqnba,front,1964,2216,https://www.youtube.com/watch?v=k_u1odxxsWY,nan,Abnormal Gait,abnormal,Leg Length Discrepancy (LLD) Gait (Case Study 31),Mission Gait,60.0,00:00:32.733,00:00:36.933,4.2,806abbb2c91fd9da5a03ef42bd81919d275105c3361d327e83c7ceb78b6d32d3,1920,1080
cll7o2ylv002l3o6ll1xqlsse,back,2256,2523,https://www.youtube.com/watch?v=k_u1odxxsWY,nan,Abnormal Gait,abnormal,Leg Length Discrepancy (LLD) Gait (Case Study 31),Mission Gait,60.0,00:00:37.600,00:00:42.050,4.45,ff68dbbb896f52e1d50cf0e95ba88d5f629dd36fc571987c3f29a25396d03247,1920,1080
cll7o3c6p002p3o6ldijxknj2,front,2532,3097,https://www.youtube.com/watch?v=k_u1odxxsWY,nan,Abnormal Gait,abnormal,Leg Length Discrepancy (LLD) Gait (Case Study 31),Mission Gait,60.0,00:00:42.200,00:00:51.617,9.417,1b3c14f55ca2df5ac619361365f49e952cb4ce6b07802c4f26ebc3e0665485f4,1920,1080
cll7o3rt6002t3o6lhmpnv4pa,back,3116,3769,https://www.youtube.com/watch?v=k_u1odxxsWY,nan,Abnormal Gait,abnormal,Leg Length Discrepancy (LLD) Gait (Case Study 31),Mission Gait,60.0,00:00:51.933,00:01:02.817,10.883,63689e9bb92efb6a528c795018593fbddfc85f0314932358cb7a8bf6b07912c4,1920,1080
cll7p882j00053o6lf14c7el3,back,1,380,https://www.youtube.com/watch?v=KtFmOS-QVIc,nan,Abnormal Gait,abnormal,Case Study 6 (Anterior-Posterior),Mission Gait,60.0,00:00:00.017,00:00:06.333,6.317,093d66ce97de7dde90de99ed5f3fd2f6b03304ef5010e2982ad5eb188ba3afd9,1920,1080
cll7p8ha300093o6lgty82whb,front,413,782,https://www.youtube.com/watch?v=KtFmOS-QVIc,nan,Abnormal Gait,abnormal,Case Study 6 (Anterior-Posterior),Mission Gait,60.0,00:00:06.883,00:00:13.033,6.15,e9022e20e713bedb43379d2c26f140e90b14abe6e651a43b61f3e3543a0a8429,1920,1080
cll7p93u3000d3o6l2xmwkb5o,back,796,1792,https://www.youtube.com/watch?v=KtFmOS-QVIc,nan,Abnormal Gait,abnormal,Case Study 6 (Anterior-Posterior),Mission Gait,60.0,00:00:13.267,00:00:29.867,16.6,df872f2f5261ff66b8c66a5cb8fe0c68e5bd42598d7e6032d004c79c95177827,1920,1080
cll7p9lfp000h3o6lrfsvfvud,front,1811,2774,https://www.youtube.com/watch?v=KtFmOS-QVIc,nan,Abnormal Gait,abnormal,Case Study 6 (Anterior-Posterior),Mission Gait,60.0,00:00:30.183,00:00:46.233,16.05,074fbcbac4fa3860f84119bf97043567a65dd3ad50a6bbf2aa653bb09b2d6c93,1920,1080
cll7pdpya000q3o6ljqewymao,front,1,240,https://www.youtube.com/watch?v=L-41u-0tsFo,nan,Abnormal Gait,abnormal,Multiple Sclerosis Gait (Anterior-Posterior) 4 Weeks Later - Case Study 12,Mission Gait,60.0,00:00:00.017,00:00:04.000,3.983,c774415c97966e32684debbb190190f87e1e91e0b3664f0804452c1675902a65,1920,1080
cll7pe1vf000u3o6l4kz90gxi,back,283,528,https://www.youtube.com/watch?v=L-41u-0tsFo,nan,Abnormal Gait,abnormal,Multiple Sclerosis Gait (Anterior-Posterior) 4 Weeks Later - Case Study 12,Mission Gait,60.0,00:00:04.717,00:00:08.800,4.083,af052188e6a42d25aa85295e11e683a8aafcccc3d5fecf824a1dc41956a4d5f5,1920,1080
cll7pecrs000y3o6lonjwilvk,front,545,1518,https://www.youtube.com/watch?v=L-41u-0tsFo,nan,Abnormal Gait,abnormal,Multiple Sclerosis Gait (Anterior-Posterior) 4 Weeks Later - Case Study 12,Mission Gait,60.0,00:00:09.083,00:00:25.300,16.217,318e820feea095e2b7099138517c27e4f1d5d1d5154c1cd5e539b034187e8cab,1920,1080
cll7pesk200123o6lfl30fyxl,back,1649,2655,https://www.youtube.com/watch?v=L-41u-0tsFo,nan,Abnormal Gait,abnormal,Multiple Sclerosis Gait (Anterior-Posterior) 4 Weeks Later - Case Study 12,Mission Gait,60.0,00:00:27.483,00:00:44.250,16.767,daa85c766f2223df57e3b447888b66153a49bd019ea082f3017ef3928c994c21,1920,1080
cll7qis3j006m3o6l9fdb6x79,left side,1,248,https://www.youtube.com/watch?v=Mqr3kdiUzeM,nan,Abnormal Gait,abnormal,Case Study 7 - Barefoot Update (Lateral),Mission Gait,60.0,00:00:00.017,00:00:04.133,4.117,318a936d209cbc675043612a01e81eda69f7f1ecb0d2e3cba6da2ba353cd5806,1920,1080
cll7qjcba006q3o6lzz0lkvdi,right side,285,556,https://www.youtube.com/watch?v=Mqr3kdiUzeM,nan,Abnormal Gait,abnormal,Case Study 7 - Barefoot Update (Lateral),Mission Gait,60.0,00:00:04.750,00:00:09.267,4.517,e5741a06c261ab06434018ef73a676e4204343dcae2fcd6d3671e4af8c757bea,1920,1080
cll7qjvcw006u3o6l280zhuqz,left side,565,1553,https://www.youtube.com/watch?v=Mqr3kdiUzeM,nan,Abnormal Gait,abnormal,Case Study 7 - Barefoot Update (Lateral),Mission Gait,60.0,00:00:09.417,00:00:25.883,16.467,23128a983d9133494ca8c731985b977f78c26513d6b41b58a76917637bc1d91f,1920,1080
cll7qkwgd006y3o6llnmxybt1,right side,1717,2777,https://www.youtube.com/watch?v=Mqr3kdiUzeM,nan,Abnormal Gait,abnormal,Case Study 7 - Barefoot Update (Lateral),Mission Gait,60.0,00:00:28.617,00:00:46.283,17.667,7c7c090e1ddf09c174e0535365b0ea07c3766f5571f8950aa6600c9b50661000,1920,1080
cll7qrh84007o3o6ljr3cnbp7,front,1,348,https://www.youtube.com/watch?v=N9tJ7I4ls6I,nan,Abnormal Gait,abnormal,"Case Study 7 - ""Before"" (Anterior-Posterior)",Mission Gait,60.0,00:00:00.017,00:00:05.800,5.783,cf28d1a8c0af0c3d4f7ef46fe129cd72b35153a2e0cdcbd6c353a49005065c6e,1920,1080
cll7qrv26007s3o6l76phyq8a,back,407,770,https://www.youtube.com/watch?v=N9tJ7I4ls6I,nan,Abnormal Gait,abnormal,"Case Study 7 - ""Before"" (Anterior-Posterior)",Mission Gait,60.0,00:00:06.783,00:00:12.833,6.05,dd6f4041e5e396f4218e5b0c264ac0f96b6a78d0f29d3b67883e91b967e55a5d,1920,1080
cll7qs7tb007w3o6lxsdgc4ui,front,807,1894,https://www.youtube.com/watch?v=N9tJ7I4ls6I,nan,Abnormal Gait,abnormal,"Case Study 7 - ""Before"" (Anterior-Posterior)",Mission Gait,60.0,00:00:13.450,00:00:31.567,18.117,40b20fd1eba66009abddeb487324834180afaba127102f7edd6cbdfed6102c95,1920,1080
cll7qspps00803o6l06mbu5hr,back,1923,3159,https://www.youtube.com/watch?v=N9tJ7I4ls6I,nan,Abnormal Gait,abnormal,"Case Study 7 - ""Before"" (Anterior-Posterior)",Mission Gait,60.0,00:00:32.050,00:00:52.650,20.6,42bd177ddc678849b8b0db14c801c5f32d70fa424b773a616bf72e9607980320,1920,1080
cll7rem8d00ay3o6l3ytumz1s,right side,1,418,https://www.youtube.com/watch?v=ntzzSZW8plk,nan,Abnormal Gait,abnormal,Chronic Hemiparetic Gait (cane) - Case Study 17,Mission Gait,60.0,00:00:00.017,00:00:06.967,6.95,720b3a06bb30a038529ebb4f2c5cc078511e9dbc0348ef99798cf672305c2b5f,1920,1080
cll7rf3tx00b23o6l6rmg0swu,left side,495,840,https://www.youtube.com/watch?v=ntzzSZW8plk,nan,Abnormal Gait,abnormal,Chronic Hemiparetic Gait (cane) - Case Study 17,Mission Gait,60.0,00:00:08.250,00:00:14.000,5.75,4a2571c829d12d08b6a08c6890b2101d6514b3dac1777a79cee7a45960938d82,1920,1080
cll7rfn9p00b63o6llicdrdik,right side,856,2153,https://www.youtube.com/watch?v=ntzzSZW8plk,nan,Abnormal Gait,abnormal,Chronic Hemiparetic Gait (cane) - Case Study 17,Mission Gait,60.0,00:00:14.267,00:00:35.883,21.617,fffa54259f88dc8d82f0f1f9829b29aa776e8d36e4df07fdb3c79b93401d96a1,1920,1080
cll7rg9nk00ba3o6lblgphdnf,left side,2174,3206,https://www.youtube.com/watch?v=ntzzSZW8plk,nan,Abnormal Gait,abnormal,Chronic Hemiparetic Gait (cane) - Case Study 17,Mission Gait,60.0,00:00:36.233,00:00:53.433,17.2,b2cda56671b92920b0e71aa434773a151d10b3811ba437b747fc4ba33c9ecace,1920,1080
cll7rgp8y00be3o6lxy3nwceo,front,3215,3555,https://www.youtube.com/watch?v=ntzzSZW8plk,nan,Abnormal Gait,abnormal,Chronic Hemiparetic Gait (cane) - Case Study 17,Mission Gait,60.0,00:00:53.583,00:00:59.250,5.667,0d014d689f88e08c1628c34206d57489f0281add95926b90f38ad58ae909fc7b,1920,1080
cll7rh5l100bi3o6lsl6a0l14,back,3632,3954,https://www.youtube.com/watch?v=ntzzSZW8plk,nan,Abnormal Gait,abnormal,Chronic Hemiparetic Gait (cane) - Case Study 17,Mission Gait,60.0,00:01:00.533,00:01:05.900,5.367,45238ccac397dcb02b3724fbf06afba73270df4524fdddc9d104c4d48dd8c5b3,1920,1080
cll7rhn4c00bm3o6l7i14kom1,front,3974,4974,https://www.youtube.com/watch?v=ntzzSZW8plk,nan,Abnormal Gait,abnormal,Chronic Hemiparetic Gait (cane) - Case Study 17,Mission Gait,60.0,00:01:06.233,00:01:22.900,16.667,e5d43df1167aab1c91c88bbf7b4c0b3e57331007bf7bf92a1fea071f82a0a9bb,1920,1080
cll7riaoo00bq3o6ljjm9tgdk,back,4993,5887,https://www.youtube.com/watch?v=ntzzSZW8plk,nan,Abnormal Gait,abnormal,Chronic Hemiparetic Gait (cane) - Case Study 17,Mission Gait,60.0,00:01:23.217,00:01:38.117,14.9,f8374ca5dab4426f56223374e85021213ebb34a04d2b823356dfade7ed8415e1,1920,1080
cll8e6qmr00063o6lwy5xaa06,right side,1,421,https://www.youtube.com/watch?v=O1QibgYaKbY,nan,Abnormal Gait,abnormal,Transverse Myelitis Gait - Case Study 10 (Lateral),Mission Gait,60.0,00:00:00.017,00:00:07.017,7.0,a01809a0674caf6a3c170a28794c8c04fb289d16c381dffb1f6af8ff7bd946ae,1920,1080
cll8e7fwo000a3o6lx7vbhve7,left side,588,990,https://www.youtube.com/watch?v=O1QibgYaKbY,nan,Abnormal Gait,abnormal,Transverse Myelitis Gait - Case Study 10 (Lateral),Mission Gait,60.0,00:00:09.800,00:00:16.500,6.7,77d646ca6d7976354c96ddf388e4cc2af5c1732148e6118d870a2b6ea1295d78,1920,1080
cll8e821x000e3o6l1a9bjetz,right side,1022,1935,https://www.youtube.com/watch?v=O1QibgYaKbY,nan,Abnormal Gait,abnormal,Transverse Myelitis Gait - Case Study 10 (Lateral),Mission Gait,60.0,00:00:17.033,00:00:32.250,15.217,b729ca23cfc635c0a57bfa52f7f642ffb9c592a36b735032378d8c491679eb9d,1920,1080
cll8e93g3000i3o6lxvm2yhd6,left side,2590,3652,https://www.youtube.com/watch?v=O1QibgYaKbY,nan,Abnormal Gait,abnormal,Transverse Myelitis Gait - Case Study 10 (Lateral),Mission Gait,60.0,00:00:43.167,00:01:00.867,17.7,e069be4b5ab40ac3f4b381a99fbabfebb82f826199ba7acccbb248c5bfce2bc0,1920,1080
cll8e9sgi000m3o6lveq1w2fr,right side,3673,4185,https://www.youtube.com/watch?v=O1QibgYaKbY,nan,Abnormal Gait,abnormal,Transverse Myelitis Gait - Case Study 10 (Lateral),Mission Gait,60.0,00:01:01.217,00:01:09.750,8.533,ea3c4c9bf196c0258bba49947fad87e07e9ce6bb0774a77acd940087268f0bdd,1920,1080
cll8eahs6000q3o6lzemkbi27,left side,4272,4799,https://www.youtube.com/watch?v=O1QibgYaKbY,nan,Abnormal Gait,abnormal,Transverse Myelitis Gait - Case Study 10 (Lateral),Mission Gait,60.0,00:01:11.200,00:01:19.983,8.783,b9b33aa7116b49470170c2e6376b88adb4307e89a266a76a24a3fd299d55d340,1920,1080
cll8ebce5000u3o6lj55n38oe,right side,4823,6023,https://www.youtube.com/watch?v=O1QibgYaKbY,nan,Abnormal Gait,abnormal,Transverse Myelitis Gait - Case Study 10 (Lateral),Mission Gait,60.0,00:01:20.383,00:01:40.383,20.0,96df4a752f82807db3c91a3431a41df53f8c7700da7b52987a2bb8b438c8fb22,1920,1080
cll8ecayf000y3o6lpus3xxcd,left side,6376,7865,https://www.youtube.com/watch?v=O1QibgYaKbY,nan,Abnormal Gait,abnormal,Transverse Myelitis Gait - Case Study 10 (Lateral),Mission Gait,60.0,00:01:46.267,00:02:11.083,24.817,dc19593581a2abaacca193885037b5bfbf0752a9578e7b42cea656563a0059ce,1920,1080
cll8fbber00503o6ltzkgfnwv,left side,1,344,https://www.youtube.com/watch?v=pguRGW0G6vU,nan,Abnormal Gait,prosthetic,Case Study 4 - Walking (Lateral),Mission Gait,60.0,00:00:00.017,00:00:05.733,5.717,41c5932dabd6cf230db380e8875e92cc3091191114fd43af6b3d96d4ea5061fc,1920,1080
cll8fbyl500543o6lfryeb4cy,right side,385,773,https://www.youtube.com/watch?v=pguRGW0G6vU,nan,Abnormal Gait,prosthetic,Case Study 4 - Walking (Lateral),Mission Gait,60.0,00:00:06.417,00:00:12.883,6.467,eed9110a33e468b3558ef3553c36c3baa8cf10338bb6b5eef2093961662e1ec9,1920,1080
cll8fehbz005c3o6l3ug198rg,left side,780,2165,https://www.youtube.com/watch?v=pguRGW0G6vU,nan,Abnormal Gait,prosthetic,Case Study 4 - Walking (Lateral),Mission Gait,60.0,00:00:13.000,00:00:36.083,23.083,83b8c6d055bbc72a6cb6e51ed1257ffb7d0100272b04ec750b19fa6c444bae91,1920,1080
cll8ff8mp005g3o6lfiez3fs3,right side,2313,3875,https://www.youtube.com/watch?v=pguRGW0G6vU,nan,Abnormal Gait,prosthetic,Case Study 4 - Walking (Lateral),Mission Gait,60.0,00:00:38.550,00:01:04.583,26.033,38c42a2584a9438d7b45c8be1ea040ed05ab461f524f4992028997077eefc62e,1920,1080
cll8fp9jh00043o6leq1pvm6n,right side,1,1783,https://www.youtube.com/watch?v=pu5Vwf1CBO0,nan,Abnormal Gait,abnormal,Parkinson's Disease Gait - Moderate Severity,Mission Gait,60.0,00:00:00.017,00:00:29.717,29.7,daae865771b163a3c5663d12c8645a781b30876402893796a23cf8e31a6b543d,1920,1080
cll8fprbu00083o6l8va6lsx5,left side,2459,3514,https://www.youtube.com/watch?v=pu5Vwf1CBO0,nan,Abnormal Gait,abnormal,Parkinson's Disease Gait - Moderate Severity,Mission Gait,60.0,00:00:40.983,00:00:58.567,17.583,8b3e597969ef59d8d546220748f6290f616ac44bb1d26a640f3ab0fbbec5bc14,1920,1080
cll8fqbit000c3o6l5hmryp94,front,3854,4107,https://www.youtube.com/watch?v=pu5Vwf1CBO0,nan,Abnormal Gait,abnormal,Parkinson's Disease Gait - Moderate Severity,Mission Gait,60.0,00:01:04.233,00:01:08.450,4.217,0401d858c832e92f602836a3f8353ca313de607752a57bab23325e988a2b456d,1920,1080
cll8fqm0r000f3o6lzmwvuf19,back,4189,4433,https://www.youtube.com/watch?v=pu5Vwf1CBO0,nan,Abnormal Gait,abnormal,Parkinson's Disease Gait - Moderate Severity,Mission Gait,60.0,00:01:09.817,00:01:13.883,4.067,2850a11ec4c2038d0781f3a972295d031cfc4cf9f4a95e3606a8528628f168c0,1920,1080
cll8fr0b5000j3o6l5m8zqasq,front,4608,5572,https://www.youtube.com/watch?v=pu5Vwf1CBO0,nan,Abnormal Gait,abnormal,Parkinson's Disease Gait - Moderate Severity,Mission Gait,60.0,00:01:16.800,00:01:32.867,16.067,77db68bf9653083ab6960a4e1524b65aeb12e4438279509095e1aa2658f3ff04,1920,1080
cll8freaa000n3o6lyd8w47o6,back,5953,6917,https://www.youtube.com/watch?v=pu5Vwf1CBO0,nan,Abnormal Gait,abnormal,Parkinson's Disease Gait - Moderate Severity,Mission Gait,60.0,00:01:39.217,00:01:55.283,16.067,d1a61279c7e61c378a9c9c42dbdb74904516b752477711dd78c922412aa131b4,1920,1080
cll8i0gkd00053o6l4uzo1j7e,right side,1,274,https://www.youtube.com/watch?v=Rk7vzPpvQ_E,nan,Abnormal Gait,abnormal,Case Study 11 - Initial Evaluation,Mission Gait,60.0,00:00:00.017,00:00:04.567,4.55,44f1300cab783a66e0445268a205720cb83b19f901427fbbac91e2f839e42778,1920,1080
cll8i0rxj00093o6l725vxjzr,left side,312,574,https://www.youtube.com/watch?v=Rk7vzPpvQ_E,nan,Abnormal Gait,abnormal,Case Study 11 - Initial Evaluation,Mission Gait,60.0,00:00:05.200,00:00:09.567,4.367,fec69cbc56d0c3ee55932a9b9f88b26c5511a7c0ab8f5987b582172ace00ba89,1920,1080
cll8i17zu000d3o6l73pt03oc,right side,594,1262,https://www.youtube.com/watch?v=Rk7vzPpvQ_E,nan,Abnormal Gait,abnormal,Case Study 11 - Initial Evaluation,Mission Gait,60.0,00:00:09.900,00:00:21.033,11.133,b64c3216a4dab4224d424e91f76b0e68556628ec4c8bd8349bf4c0ae749da814,1920,1080
cll8i1ry6000h3o6lro9qix4i,left side,1415,2240,https://www.youtube.com/watch?v=Rk7vzPpvQ_E,nan,Abnormal Gait,abnormal,Case Study 11 - Initial Evaluation,Mission Gait,60.0,00:00:23.583,00:00:37.333,13.75,5a5aeac042182d63e0209deb136d8261872738c3f333ce22eea1bff1943cdeb5,1920,1080
cll8i28ce000l3o6lixho6ri4,front,2262,2440,https://www.youtube.com/watch?v=Rk7vzPpvQ_E,nan,Abnormal Gait,abnormal,Case Study 11 - Initial Evaluation,Mission Gait,60.0,00:00:37.700,00:00:40.667,2.967,f11cc0a0d3fc23ef8b5ac71bc41e99b20062544e97f0f146da94fdba17cb22d1,1920,1080
cll8i2l3w000p3o6l8vxxvet5,back,2489,2703,https://www.youtube.com/watch?v=Rk7vzPpvQ_E,nan,Abnormal Gait,abnormal,Case Study 11 - Initial Evaluation,Mission Gait,60.0,00:00:41.483,00:00:45.050,3.567,df307a38ae9e3e805104daf884f9473d813d207c7a0c0916db5db6e9315997d6,1920,1080
cll8i2wa6000t3o6l1lq6m3k1,front,2723,3317,https://www.youtube.com/watch?v=Rk7vzPpvQ_E,nan,Abnormal Gait,abnormal,Case Study 11 - Initial Evaluation,Mission Gait,60.0,00:00:45.383,00:00:55.283,9.9,df57eb69967eed4fa5845ede28958896329aacc2a4f195d2da9007ec30ca96a3,1920,1080
cll8i3cyg000x3o6l2tosywms,back,3466,4211,https://www.youtube.com/watch?v=Rk7vzPpvQ_E,nan,Abnormal Gait,abnormal,Case Study 11 - Initial Evaluation,Mission Gait,60.0,00:00:57.767,00:01:10.183,12.417,2bb52417559646403ab9f81372eb9629bdfe0d17c8691d98984e5bf4fd88fb0b,1920,1080
cll8k1ddg00503o6ld0ttyqyk,right side,1,271,https://www.youtube.com/watch?v=rWKYDfklSkE,nan,Abnormal Gait,cerebral palsy,Gait Dystonia - Case Study 24 Update,Mission Gait,60.0,00:00:00.017,00:00:04.517,4.5,6fc92b7a874047e7c90098f2fdada54016a33294856c88f191fedd542f0500e8,1920,1080
cll8k1pmt00543o6llho982y4,left side,320,580,https://www.youtube.com/watch?v=rWKYDfklSkE,nan,Abnormal Gait,cerebral palsy,Gait Dystonia - Case Study 24 Update,Mission Gait,60.0,00:00:05.333,00:00:09.667,4.333,d6f70acb7420965e0db49fe7db65d32260909216566607e645dea4f67fee1cdd,1920,1080
cll8k24qs00583o6lbnpqmjyl,right side,601,1138,https://www.youtube.com/watch?v=rWKYDfklSkE,nan,Abnormal Gait,cerebral palsy,Gait Dystonia - Case Study 24 Update,Mission Gait,60.0,00:00:10.017,00:00:18.967,8.95,11e54611ba6c810e968c1530470c4bd485ee9a8857fda8bd6bdb87b13ad959cf,1920,1080
cll8k2xvv005c3o6lbvl9w3f4,left side,1157,1685,https://www.youtube.com/watch?v=rWKYDfklSkE,nan,Abnormal Gait,cerebral palsy,Gait Dystonia - Case Study 24 Update,Mission Gait,60.0,00:00:19.283,00:00:28.083,8.8,eb5f3c7ab8efe1bc7b9663fcc56526c24ee3c3f0dfa64c59fa0f8ea6c6f296bb,1920,1080
cll8k3gus005g3o6la0ll4n2f,front,1697,1946,https://www.youtube.com/watch?v=rWKYDfklSkE,nan,Abnormal Gait,cerebral palsy,Gait Dystonia - Case Study 24 Update,Mission Gait,60.0,00:00:28.283,00:00:32.433,4.15,f015c2b3d6391615caf111f06f98316977da48415cc997183d2c4061b21550a3,1920,1080
cll8k3z7n005k3o6lps3evia5,back,1981,2213,https://www.youtube.com/watch?v=rWKYDfklSkE,nan,Abnormal Gait,cerebral palsy,Gait Dystonia - Case Study 24 Update,Mission Gait,60.0,00:00:33.017,00:00:36.883,3.867,34f7134097b20df0920a5f61086a3d06d75094c39b021b40dbfdb8db1e4d4221,1920,1080
cll8k49ga005n3o6lrg92111d,front,2230,2688,https://www.youtube.com/watch?v=rWKYDfklSkE,nan,Abnormal Gait,cerebral palsy,Gait Dystonia - Case Study 24 Update,Mission Gait,60.0,00:00:37.167,00:00:44.800,7.633,0886ac7b617fd18a8c0400bf34ee53113aea92162cd3763741c539f2effa5b7a,1920,1080
cll8k4oby005r3o6ljjncvkp8,back,2704,3347,https://www.youtube.com/watch?v=rWKYDfklSkE,nan,Abnormal Gait,cerebral palsy,Gait Dystonia - Case Study 24 Update,Mission Gait,60.0,00:00:45.067,00:00:55.783,10.717,9a468dda056e054d265c9eb9b24f9bba68f702ea7fdcf47b2bc09a5c66ed163f,1920,1080
cll8k59j9005v3o6l2w9i0lse,right side,3357,3588,https://www.youtube.com/watch?v=rWKYDfklSkE,nan,Abnormal Gait,cerebral palsy,Gait Dystonia - Case Study 24 Update,Mission Gait,60.0,00:00:55.950,00:00:59.800,3.85,96de3d505a3843bd06bd45590f72a5994b7d16bf12dd469009f8595e415fe5f4,1920,1080
cll8k5qsr005z3o6lauk0dd4a,left side,3642,3876,https://www.youtube.com/watch?v=rWKYDfklSkE,nan,Abnormal Gait,cerebral palsy,Gait Dystonia - Case Study 24 Update,Mission Gait,60.0,00:01:00.700,00:01:04.600,3.9,9a89196653e047c8c8e776f3c31903df923b84f6ae1e63877830ec50c7d61f11,1920,1080
cll8k6b0t00633o6l0qohgf43,right side,3898,4415,https://www.youtube.com/watch?v=rWKYDfklSkE,nan,Abnormal Gait,cerebral palsy,Gait Dystonia - Case Study 24 Update,Mission Gait,60.0,00:01:04.967,00:01:13.583,8.617,7e09bfb055cd99148b8d24d1c853de16a192b30c3a46e0a9c1f764ffdac01c67,1920,1080
cll8k6t9d00673o6lb9ryzdsb,left side,4437,4917,https://www.youtube.com/watch?v=rWKYDfklSkE,nan,Abnormal Gait,cerebral palsy,Gait Dystonia - Case Study 24 Update,Mission Gait,60.0,00:01:13.950,00:01:21.950,8.0,767af22cc3ed2d58bcef660b07431a04bba58e8252dde4311e8744ccad2eb1aa,1920,1080
cll8k74kx006b3o6l0fue0bcg,front,4930,5164,https://www.youtube.com/watch?v=rWKYDfklSkE,nan,Abnormal Gait,cerebral palsy,Gait Dystonia - Case Study 24 Update,Mission Gait,60.0,00:01:22.167,00:01:26.067,3.9,82cbc3e5e18b8795423028c22fe12c2b55eab000e373b890d7e08001ebfed3ca,1920,1080
cll8k7lo2006f3o6lf4tw2dqz,back,5217,5430,https://www.youtube.com/watch?v=rWKYDfklSkE,nan,Abnormal Gait,cerebral palsy,Gait Dystonia - Case Study 24 Update,Mission Gait,60.0,00:01:26.950,00:01:30.500,3.55,d0c49b357b52be431f9df5bd86fc1acffae8ea4b3430f888b79c1a3294f753c4,1920,1080
cll8k844v006j3o6lyfwxu6xu,front,5449,5911,https://www.youtube.com/watch?v=rWKYDfklSkE,nan,Abnormal Gait,cerebral palsy,Gait Dystonia - Case Study 24 Update,Mission Gait,60.0,00:01:30.817,00:01:38.517,7.7,f3e2a4b7bc1833e5cf99fe4a2d6633180bb35b38784235d5ad30b555f82397a5,1920,1080
cll8k8pxy006n3o6l2q1gopyo,back,5933,6424,https://www.youtube.com/watch?v=rWKYDfklSkE,nan,Abnormal Gait,cerebral palsy,Gait Dystonia - Case Study 24 Update,Mission Gait,60.0,00:01:38.883,00:01:47.067,8.183,a730148b6f80111d27a00586937623edd41be14edf63c4b52f09ac3d0117e465,1920,1080
cll8zcn9d008s3o6lsr0cpuit,left side,1,433,https://www.youtube.com/watch?v=tw1IsZL4h3g,nan,Abnormal Gait,prosthetic,Case Study 3 - Lateral View,Mission Gait,60.0,00:00:00.017,00:00:07.217,7.2,23a76f8aa2683b9e7d473c731acbd73d510f5646b4d230d730158dc55149d868,1920,1080
cll8zd2wr008w3o6lfbhuchnd,right side,492,927,https://www.youtube.com/watch?v=tw1IsZL4h3g,nan,Abnormal Gait,prosthetic,Case Study 3 - Lateral View,Mission Gait,60.0,00:00:08.200,00:00:15.450,7.25,6ae87a19944d5d491c1b1ee6da249bf3b5c417646c6db9c2cfe9c62d9c66c4d9,1920,1080
cll8zdghs00903o6lsc69xrdv,left side,937,1931,https://www.youtube.com/watch?v=tw1IsZL4h3g,nan,Abnormal Gait,prosthetic,Case Study 3 - Lateral View,Mission Gait,60.0,00:00:15.617,00:00:32.183,16.567,5372bbb8f164b5e5f2f3f88ac1e2f5d8a7164d9881174b2813c7a2f270d32df8,1920,1080
cll8ze04800943o6ll5yn10zx,right side,1946,2995,https://www.youtube.com/watch?v=tw1IsZL4h3g,nan,Abnormal Gait,prosthetic,Case Study 3 - Lateral View,Mission Gait,60.0,00:00:32.433,00:00:49.917,17.483,b8d9010c09d5ddac1bd14799b517d2a9c1171dd1e3159ffde0661843e8a7d959,1920,1080
cll9uuo0600383o6l2qtuk7lz,right side,1,185,https://www.youtube.com/watch?v=uV6dPE2sz7k,nan,Abnormal Gait,abnormal,Parkinson's Disease Gait - Case Study 20,Mission Gait,60.0,00:00:00.017,00:00:03.083,3.067,c38b0986098dd814434eb48b00abe0703d8b663f51562a103d8b7a1983c123d6,1920,1080
cll9uvanr003c3o6lpzud1lr4,left side,235,446,https://www.youtube.com/watch?v=uV6dPE2sz7k,nan,Abnormal Gait,abnormal,Parkinson's Disease Gait - Case Study 20,Mission Gait,60.0,00:00:03.917,00:00:07.433,3.517,39f2bae21be80b573770cdc9ef0ed1024c7de44fc0681caab8640dcfd5b89f1c,1920,1080
cll9uvpau003g3o6llmw8nj01,right side,469,950,https://www.youtube.com/watch?v=uV6dPE2sz7k,nan,Abnormal Gait,abnormal,Parkinson's Disease Gait - Case Study 20,Mission Gait,60.0,00:00:07.817,00:00:15.833,8.017,d9135187494c5bf7c494f2216e933cccf36000e4ff3515d1a53895f36a036956,1920,1080
cll9uw5d0003k3o6lrqtgjt9a,left side,972,1518,https://www.youtube.com/watch?v=uV6dPE2sz7k,nan,Abnormal Gait,abnormal,Parkinson's Disease Gait - Case Study 20,Mission Gait,60.0,00:00:16.200,00:00:25.300,9.1,bf6beadf42149658f6f30d2cb376fcf8a2bd71544b2b05755d8ea71218fa9d1e,1920,1080
cll9uwjqd003o3o6lcu3t5orv,front,1533,1692,https://www.youtube.com/watch?v=uV6dPE2sz7k,nan,Abnormal Gait,abnormal,Parkinson's Disease Gait - Case Study 20,Mission Gait,60.0,00:00:25.550,00:00:28.200,2.65,876dcdd95a06b4de8ee9e7c762c96636145b7798d4062d593ebc7ef1df5cf6a9,1920,1080
cll9uwwio003s3o6livli3vfd,back,1755,1905,https://www.youtube.com/watch?v=uV6dPE2sz7k,nan,Abnormal Gait,abnormal,Parkinson's Disease Gait - Case Study 20,Mission Gait,60.0,00:00:29.250,00:00:31.750,2.5,e5b60c66e76863464b7ccf76089fe5f64420b6567be8183b7ae742155b3c30d1,1920,1080
cll9ux9kg003w3o6larf35e2j,front,1923,2386,https://www.youtube.com/watch?v=uV6dPE2sz7k,nan,Abnormal Gait,abnormal,Parkinson's Disease Gait - Case Study 20,Mission Gait,60.0,00:00:32.050,00:00:39.767,7.717,50ecd3194a4534871c134d55d8cbcb885c633d20b0e41dd9564e69bbd37f976d,1920,1080
cll9uxvtz00403o6l7p8awgpk,back,2402,2825,https://www.youtube.com/watch?v=uV6dPE2sz7k,nan,Abnormal Gait,abnormal,Parkinson's Disease Gait - Case Study 20,Mission Gait,60.0,00:00:40.033,00:00:47.083,7.05,b4ec78f914cb4a617548000b7daa9c2759647dfa411d623868fc4a4dbb21f2f6,1920,1080
cll9x19tm007e3o6luepdvgep,front,1,286,https://www.youtube.com/watch?v=W35NeWDslAE,nan,Abnormal Gait,abnormal,Multiple Sclerosis Gait (Anterior-Posterior) - Case Study 12,Mission Gait,60.0,00:00:00.017,00:00:04.767,4.75,08468d34ded495aded2ea23fea55112671eb4281d69254ec4dfb168b262c9fca,1920,1080
cll9x1wxt007i3o6lxiyp6gs2,back,353,607,https://www.youtube.com/watch?v=W35NeWDslAE,nan,Abnormal Gait,abnormal,Multiple Sclerosis Gait (Anterior-Posterior) - Case Study 12,Mission Gait,60.0,00:00:05.883,00:00:10.117,4.233,d7161ed1e46e2d8f2ab88e6cab98399cc28b08c49037c0c30459718dd9e73394,1920,1080
cll9x2atj007m3o6la49iflfi,front,665,1427,https://www.youtube.com/watch?v=W35NeWDslAE,nan,Abnormal Gait,abnormal,Multiple Sclerosis Gait (Anterior-Posterior) - Case Study 12,Mission Gait,60.0,00:00:11.083,00:00:23.783,12.7,d763d16645b89966c03cc29ed51d64ec0a3b4e2769c8c99145fd0e2ac19b5f4d,1920,1080
cll9x2r7c007p3o6l4dqekhnl,back,1656,2454,https://www.youtube.com/watch?v=W35NeWDslAE,nan,Abnormal Gait,abnormal,Multiple Sclerosis Gait (Anterior-Posterior) - Case Study 12,Mission Gait,60.0,00:00:27.600,00:00:40.900,13.3,4ff4918d3636d56c9baa810c464a5514894788a2d7dcae9bb67d860d9cf10742,1920,1080
cll9x3gsf007u3o6laeaexzen,right side,1,299,https://www.youtube.com/watch?v=W7IZV0m45xA,nan,Abnormal Gait,abnormal,Multiple Sclerosis Gait (Lateral) - Case Study 12,Mission Gait,60.0,00:00:00.017,00:00:04.983,4.967,a6620e016bb1a4f4001d73070a0cc9eae7407bdfa32c1bae054bc8d8a9ca3c3d,1920,1080
cll9x3zb0007y3o6l9z096i87,right side,368,636,https://www.youtube.com/watch?v=W7IZV0m45xA,nan,Abnormal Gait,abnormal,Multiple Sclerosis Gait (Lateral) - Case Study 12,Mission Gait,60.0,00:00:06.133,00:00:10.600,4.467,c630d3e7e09f499e1445ebcf35116246f63f64337af3f387ed26372b27aebdad,1920,1080
cll9x4pt100823o6lf1hqdszv,right side,643,1459,https://www.youtube.com/watch?v=W7IZV0m45xA,nan,Abnormal Gait,abnormal,Multiple Sclerosis Gait (Lateral) - Case Study 12,Mission Gait,60.0,00:00:10.717,00:00:24.317,13.6,7992b622692e09e18ec67ead746c520b2621199a6aa3fbe7228c4d5e2873a6e6,1920,1080
cll9x56vp00863o6labnlv6yt,left side,1735,2719,https://www.youtube.com/watch?v=W7IZV0m45xA,nan,Abnormal Gait,abnormal,Multiple Sclerosis Gait (Lateral) - Case Study 12,Mission Gait,60.0,00:00:28.917,00:00:45.317,16.4,ee476f7c8d229606fbaa8af12cfe2030d5473b67aaf477b0d57987407885c817,1920,1080
cll9xc1np00103o6l7mlj3e43,right side,1,366,https://www.youtube.com/watch?v=WLPBz6gAYrY,nan,Abnormal Gait,abnormal,Case Study 7 - Walking Update (Lateral),Mission Gait,60.0,00:00:00.017,00:00:06.100,6.083,ec80b9f288e2ffbd9750660c03e3ce272b645eb157cd3af69a315fd050136c48,1280,720
cll9xchd900143o6lj63k8c6r,left side,429,761,https://www.youtube.com/watch?v=WLPBz6gAYrY,nan,Abnormal Gait,abnormal,Case Study 7 - Walking Update (Lateral),Mission Gait,60.0,00:00:07.150,00:00:12.683,5.533,50e4ba0cfa9e5d481c879631eb17ec8c531c6d213a46b24d86ccd9c9975a58cd,1280,720
cll9xcslc00183o6l9eyhnguz,right side,783,2227,https://www.youtube.com/watch?v=WLPBz6gAYrY,nan,Abnormal Gait,abnormal,Case Study 7 - Walking Update (Lateral),Mission Gait,60.0,00:00:13.050,00:00:37.117,24.067,6435645dedbab37765f73e7afb3b57ed4cf2477ac3d1588e4c17db40f7fed256,1280,720
cll9xdfxd001c3o6l6mds2dvp,left side,2495,3824,https://www.youtube.com/watch?v=WLPBz6gAYrY,nan,Abnormal Gait,abnormal,Case Study 7 - Walking Update (Lateral),Mission Gait,60.0,00:00:41.583,00:01:03.733,22.15,c8b2fd20e3b5d097751527e6a5868c3c365a3806a84a26147e57a6a1092218b0,1280,720
cll9xelef001i3o6lz3xa6hw6,right side,1,194,https://www.youtube.com/watch?v=wRntYsztIEY,nan,Abnormal Gait,abnormal,Gait Dystonia - Case Study 24,Mission Gait,60.0,00:00:00.017,00:00:03.233,3.217,c76a8fa9cb6a9b930e8a6e37a8b9e5cf04e24769959a7a3017deb186c6376a28,1920,1080
cll9xf4z7001m3o6l1kaimbdt,left side,238,437,https://www.youtube.com/watch?v=wRntYsztIEY,nan,Abnormal Gait,abnormal,Gait Dystonia - Case Study 24,Mission Gait,60.0,00:00:03.967,00:00:07.283,3.317,eb75a1599f7501ff11f34a7c95bb3afbcda02661950ac2ff319b7e0f5b4ff6a0,1920,1080
cll9xfkzk001q3o6lfnqnzvtc,right side,452,1087,https://www.youtube.com/watch?v=wRntYsztIEY,nan,Abnormal Gait,abnormal,Gait Dystonia - Case Study 24,Mission Gait,60.0,00:00:07.533,00:00:18.117,10.583,f46928ef49390dc55ee6a0e88ff994576cd95c9db2e4d7d5ca242a3e97b28964,1920,1080
cll9xwz5r001u3o6lp3khnj7q,left side,1274,2008,https://www.youtube.com/watch?v=wRntYsztIEY,nan,Abnormal Gait,abnormal,Gait Dystonia - Case Study 24,Mission Gait,60.0,00:00:21.233,00:00:33.467,12.233,34b46f6ad416af6ee6c676ae4958e324957a667c995982462be49536e1d28a4c,1920,1080
cll9xxd7l001y3o6l53bs9rox,front,2017,2186,https://www.youtube.com/watch?v=wRntYsztIEY,nan,Abnormal Gait,abnormal,Gait Dystonia - Case Study 24,Mission Gait,60.0,00:00:33.617,00:00:36.433,2.817,f69acde1d72156acecefbb6ba6d2037046203dbdcf2b13e5ee9a20f2634fa481,1920,1080
cll9xxn1300223o6ld7rnxtls,back,2237,2404,https://www.youtube.com/watch?v=wRntYsztIEY,nan,Abnormal Gait,abnormal,Gait Dystonia - Case Study 24,Mission Gait,60.0,00:00:37.283,00:00:40.067,2.783,66323117d51f5f876cf8f312de65b3eb9a25b844f15eeddb70d94503ead40dd1,1920,1080
cll9xy2d900263o6llvx82ob0,front,2410,3108,https://www.youtube.com/watch?v=wRntYsztIEY,nan,Abnormal Gait,abnormal,Gait Dystonia - Case Study 24,Mission Gait,60.0,00:00:40.167,00:00:51.800,11.633,6ad3dd47f5569ad0e3f7a66cf6fa2ec2a9b4ab7b6aac29e591698930b8817abe,1920,1080
cll9xyhl400293o6l0ais7ans,back,3331,3889,https://www.youtube.com/watch?v=wRntYsztIEY,nan,Abnormal Gait,abnormal,Gait Dystonia - Case Study 24,Mission Gait,60.0,00:00:55.517,00:01:04.817,9.3,0068a5a7dcd2fd7dded8cc291fbc1a1473a9245e01e25790f82ad7a9fdcdb417,1920,1080
cllba3xz8000p3o6lpaedkp88,right side,1,292,https://www.youtube.com/watch?v=w2fYQyikrts,nan,Abnormal Gait,abnormal,Diabetic Neuropathy Gait,Mission Gait,60.0,00:00:00.017,00:00:04.867,4.85,b5f47f7ee65c93675341502fbbb2229534e62ee679800804258e7b3b8e98bdc4,1920,1080
cllba4baj000t3o6lxfq01aok,left side,351,615,https://www.youtube.com/watch?v=w2fYQyikrts,nan,Abnormal Gait,abnormal,Diabetic Neuropathy Gait,Mission Gait,60.0,00:00:05.850,00:00:10.250,4.4,64af8041fd8a5657c27a05ff325b34fc6c3240b2add0801e0f4faea7e306fadc,1920,1080
cllba535b000x3o6l204nr8e8,front,627,920,https://www.youtube.com/watch?v=w2fYQyikrts,nan,Abnormal Gait,abnormal,Diabetic Neuropathy Gait,Mission Gait,60.0,00:00:10.450,00:00:15.333,4.883,5fcd642b73b9b9e2ac7dc509fc92b38f7c224def364f62c05a1cc8b9e685ba32,1920,1080
cllba5q1o00113o6lst176ho2,back,1008,1340,https://www.youtube.com/watch?v=w2fYQyikrts,nan,Abnormal Gait,abnormal,Diabetic Neuropathy Gait,Mission Gait,60.0,00:00:16.800,00:00:22.333,5.533,b2f08c7e524025241d5ed0702b7952ecc30def4331a013fd0bd0dbd77e6c38fa,1920,1080
cllba6aci00153o6lcl94c1sg,right side,1353,1510,https://www.youtube.com/watch?v=w2fYQyikrts,nan,Abnormal Gait,abnormal,Diabetic Neuropathy Gait,Mission Gait,60.0,00:00:22.550,00:00:25.167,2.617,ad195065c168e8293d53fb970fc97db0e0b6616c58abc379fa2c11b025d9ae47,1920,1080
cllbhztg3002f3o6lp3a9u4nd,right side,73,178,https://www.youtube.com/watch?v=CrToYDUN89A,nan,Abnormal Gait,abnormal,Chronic CVA Gait (Lateral) - Case Study 2,Mission Gait,60.0,00:00:01.217,00:00:02.967,1.75,cae926a8ad8949adf3cc2b55a44fe76786c854457f09d4725822740f023c84aa,1920,1080
cllbjs73i000x3o6lx7zbihtv,left side,256,426,https://www.youtube.com/watch?v=ErkLnvUHQuc,nan,Abnormal Gait,abnormal,Case Study 11 - 6 Weeks Later,Mission Gait,60.0,00:00:04.267,00:00:07.100,2.833,1cbac80706a7909d7cc98f027981b32428cd01ec191c369b60af4de2a588f776,1920,1080
cllbjuuah00133o6l8feqshab,right side,448,938,https://www.youtube.com/watch?v=ErkLnvUHQuc,nan,Abnormal Gait,abnormal,Case Study 11 - 6 Weeks Later,Mission Gait,60.0,00:00:07.467,00:00:15.633,8.167,4cc2d3d28c3fdf67bb1d19b7563e4ef94610e2f4f9b8b1f80eafb6011f8df44b,1920,1080
