frame,timestamp_ms,landmark_id,x_norm,y_norm,z_norm,visibility,x_px,y_px
0,0,0,nan,nan,nan,0.0,-1,-1
1,16,0,nan,nan,nan,0.0,-1,-1
2,33,0,nan,nan,nan,0.0,-1,-1
3,50,0,nan,nan,nan,0.0,-1,-1
4,66,0,nan,nan,nan,0.0,-1,-1
5,83,0,nan,nan,nan,0.0,-1,-1
6,100,0,nan,nan,nan,0.0,-1,-1
7,116,0,nan,nan,nan,0.0,-1,-1
8,133,0,nan,nan,nan,0.0,-1,-1
9,150,0,nan,nan,nan,0.0,-1,-1
10,166,0,nan,nan,nan,0.0,-1,-1
11,183,0,nan,nan,nan,0.0,-1,-1
12,200,0,nan,nan,nan,0.0,-1,-1
13,216,0,nan,nan,nan,0.0,-1,-1
14,233,0,nan,nan,nan,0.0,-1,-1
15,250,0,nan,nan,nan,0.0,-1,-1
16,266,0,nan,nan,nan,0.0,-1,-1
17,283,0,nan,nan,nan,0.0,-1,-1
18,300,0,nan,nan,nan,0.0,-1,-1
19,316,0,nan,nan,nan,0.0,-1,-1
20,333,0,nan,nan,nan,0.0,-1,-1
21,350,0,nan,nan,nan,0.0,-1,-1
22,366,0,nan,nan,nan,0.0,-1,-1
23,383,0,nan,nan,nan,0.0,-1,-1
24,400,0,nan,nan,nan,0.0,-1,-1
25,416,0,nan,nan,nan,0.0,-1,-1
26,433,0,nan,nan,nan,0.0,-1,-1
27,450,0,nan,nan,nan,0.0,-1,-1
28,466,0,nan,nan,nan,0.0,-1,-1
29,483,0,nan,nan,nan,0.0,-1,-1
30,500,0,nan,nan,nan,0.0,-1,-1
31,516,0,nan,nan,nan,0.0,-1,-1
32,533,0,nan,nan,nan,0.0,-1,-1
33,550,0,nan,nan,nan,0.0,-1,-1
34,566,0,nan,nan,nan,0.0,-1,-1
35,583,0,nan,nan,nan,0.0,-1,-1
36,600,0,nan,nan,nan,0.0,-1,-1
37,616,0,nan,nan,nan,0.0,-1,-1
38,633,0,nan,nan,nan,0.0,-1,-1
39,650,0,nan,nan,nan,0.0,-1,-1
40,666,0,nan,nan,nan,0.0,-1,-1
41,683,0,nan,nan,nan,0.0,-1,-1
42,700,0,nan,nan,nan,0.0,-1,-1
43,716,0,nan,nan,nan,0.0,-1,-1
44,733,0,nan,nan,nan,0.0,-1,-1
45,750,0,nan,nan,nan,0.0,-1,-1
46,766,0,nan,nan,nan,0.0,-1,-1
47,783,0,nan,nan,nan,0.0,-1,-1
48,800,0,nan,nan,nan,0.0,-1,-1
49,816,0,nan,nan,nan,0.0,-1,-1
50,833,0,nan,nan,nan,0.0,-1,-1
51,850,0,nan,nan,nan,0.0,-1,-1
52,866,0,nan,nan,nan,0.0,-1,-1
53,883,0,nan,nan,nan,0.0,-1,-1
54,900,0,nan,nan,nan,0.0,-1,-1
55,916,0,nan,nan,nan,0.0,-1,-1
56,933,0,nan,nan,nan,0.0,-1,-1
57,950,0,nan,nan,nan,0.0,-1,-1
58,966,0,nan,nan,nan,0.0,-1,-1
59,983,0,nan,nan,nan,0.0,-1,-1
60,1000,0,nan,nan,nan,0.0,-1,-1
61,1016,0,nan,nan,nan,0.0,-1,-1
62,1033,0,nan,nan,nan,0.0,-1,-1
63,1050,0,nan,nan,nan,0.0,-1,-1
64,1066,0,nan,nan,nan,0.0,-1,-1
65,1083,0,nan,nan,nan,0.0,-1,-1
66,1100,0,nan,nan,nan,0.0,-1,-1
67,1116,0,nan,nan,nan,0.0,-1,-1
68,1133,0,nan,nan,nan,0.0,-1,-1
69,1150,0,nan,nan,nan,0.0,-1,-1
70,1166,0,nan,nan,nan,0.0,-1,-1
71,1183,0,nan,nan,nan,0.0,-1,-1
72,1200,0,nan,nan,nan,0.0,-1,-1
73,1216,0,nan,nan,nan,0.0,-1,-1
74,1233,0,nan,nan,nan,0.0,-1,-1
75,1250,0,nan,nan,nan,0.0,-1,-1
76,1266,0,nan,nan,nan,0.0,-1,-1
77,1283,0,nan,nan,nan,0.0,-1,-1
78,1300,0,nan,nan,nan,0.0,-1,-1
79,1316,0,nan,nan,nan,0.0,-1,-1
80,1333,0,nan,nan,nan,0.0,-1,-1
81,1350,0,nan,nan,nan,0.0,-1,-1
82,1366,0,nan,nan,nan,0.0,-1,-1
83,1383,0,0.09579546004533768,0.013600164093077183,-0.1382305920124054,0.9987906813621521,183,14
83,1383,1,0.09458713233470917,-0.0022098149638623,-0.12903454899787903,0.9967907071113586,181,-2
83,1383,2,0.09325794130563736,-0.0025338514242321253,-0.12926244735717773,0.9964911341667175,179,-2
83,1383,3,0.09190566092729568,-0.002765749581158161,-0.12928350269794464,0.9978935122489929,176,-2
83,1383,4,0.09356188774108887,-0.002693889196962118,-0.16196118295192719,0.9986074566841125,179,-2
83,1383,5,0.0913361981511116,-0.004124979022890329,-0.16225534677505493,0.9989897608757019,175,-4
83,1383,6,0.08896749466657639,-0.005593740846961737,-0.16239319741725922,0.9992606043815613,170,-6
83,1383,7,0.07525282353162766,-0.009731407277286053,-0.06662212312221527,0.9994801878929138,144,-10
83,1383,8,0.07095123082399368,-0.007081640884280205,-0.21622326970100403,0.9995657801628113,136,-7
83,1383,9,0.08720362931489944,0.028491834178566933,-0.10796458274126053,0.9996862411499023,167,30
83,1383,10,0.08643309026956558,0.026532376185059547,-0.15281225740909576,0.9998185038566589,165,28
83,1383,11,0.06731245666742325,0.10172110050916672,0.04809379577636719,0.9999462366104126,129,109
83,1383,12,0.029871881008148193,0.08448442071676254,-0.2670193910598755,0.9999887943267822,57,91
83,1383,13,0.08671971410512924,0.2641744613647461,0.12086240947246552,0.7339800596237183,166,285
83,1383,14,0.013756735250353813,0.25679007172584534,-0.30992788076400757,0.9999130964279175,26,277
83,1383,15,0.13439662754535675,0.3506450653076172,0.08678073436021805,0.8290821313858032,258,378
83,1383,16,0.0583513118326664,0.409502774477005,-0.3100692629814148,0.9997687935829163,112,442
83,1383,17,0.14341804385185242,0.38911357522010803,0.08192978799343109,0.820711612701416,275,420
83,1383,18,0.05759351700544357,0.45316624641418457,-0.3460695445537567,0.9993093013763428,110,489
83,1383,19,0.14551496505737305,0.38775867223739624,0.048473160713911057,0.8379039764404297,279,418
83,1383,20,0.07477523386478424,0.4538872241973877,-0.3506888747215271,0.9993640780448914,143,490
83,1383,21,0.14121116697788239,0.3759465217590332,0.07160641998052597,0.8302627801895142,271,406
83,1383,22,0.07658687233924866,0.44230788946151733,-0.3117367923259735,0.9985798597335815,147,477
83,1383,23,0.07964674383401871,0.3936695158481598,0.10333321988582611,0.9999020099639893,152,425
83,1383,24,0.06111103668808937,0.39684540033340454,-0.10354580730199814,0.9999551773071289,117,428
83,1383,25,0.07054797559976578,0.6142251491546631,0.20494283735752106,0.8704279065132141,135,663
83,1383,26,0.1192156970500946,0.6214417815208435,-0.10879768431186676,0.9969838261604309,228,671
83,1383,27,0.05795062705874443,0.8220056891441345,0.319735586643219,0.9690766930580139,111,887
83,1383,28,0.08815672248601913,0.8311179876327515,0.013279812410473824,0.9957013726234436,169,897
83,1383,29,0.04781476408243179,0.8551017642021179,0.32524386048316956,0.9469212889671326,91,923
83,1383,30,0.06748871505260468,0.851378321647644,0.022601787000894547,0.9613407850265503,129,919
83,1383,31,0.0949104055762291,0.8505470752716064,0.2545815110206604,0.973079264163971,182,918
83,1383,32,0.12041056901216507,0.8568503260612488,-0.06135469302535057,0.9912669062614441,231,925
84,1400,0,0.09576334804296494,0.013343566097319126,-0.14642874896526337,0.998860776424408,183,14
84,1400,1,0.09496091306209564,-0.003306552767753601,-0.14007823169231415,0.9969961643218994,182,-3
84,1400,2,0.09400021284818649,-0.003282640129327774,-0.14035826921463013,0.9967165589332581,180,-3
84,1400,3,0.0931183472275734,-0.003194947959855199,-0.14035925269126892,0.9980231523513794,178,-3
84,1400,4,0.09360895305871964,-0.004979665391147137,-0.17075084149837494,0.998684823513031,179,-5
84,1400,5,0.09136686474084854,-0.006744996178895235,-0.17109255492687225,0.9990463852882385,175,-7
84,1400,6,0.08897856622934341,-0.008763832971453667,-0.17124789953231812,0.999302089214325,170,-9
84,1400,7,0.0794881209731102,-0.008780982345342636,-0.08197441697120667,0.9994970560073853,152,-9
84,1400,8,0.07110410183668137,-0.009552992880344391,-0.22163508832454681,0.9995743036270142,136,-10
84,1400,9,0.0872037410736084,0.028432827442884445,-0.11663412302732468,0.9996914863586426,167,30
84,1400,10,0.08612676709890366,0.026179959997534752,-0.15895411372184753,0.9998194575309753,165,28
84,1400,11,0.07048831135034561,0.10094995051622391,0.04125751182436943,0.9999488592147827,135,109
84,1400,12,0.03034169413149357,0.08416885882616043,-0.271691232919693,0.9999895691871643,58,90
84,1400,13,0.09113797545433044,0.2641894817352295,0.11927696317434311,0.7228639125823975,174,285
84,1400,14,0.013772701844573021,0.25677865743637085,-0.3102984130382538,0.9999077320098877,26,277
84,1400,15,0.1377124935388565,0.35142040252685547,0.08373773843050003,0.8324885964393616,264,379
84,1400,16,0.0583529956638813,0.412234365940094,-0.3117952048778534,0.999771237373352,112,445
84,1400,17,0.14702220261096954,0.389283686876297,0.07942172884941101,0.8247055411338806,282,420
84,1400,18,0.057729803025722504,0.45681115984916687,-0.3476806879043579,0.9993159174919128,110,493
84,1400,19,0.14951305091381073,0.3878156542778015,0.04331395775079727,0.8415418267250061,287,418
84,1400,20,0.074818454682827,0.45470571517944336,-0.3542070984840393,0.9993689060211182,143,491
84,1400,21,0.14361879229545593,0.3760222792625427,0.06778894364833832,0.8328164219856262,275,406
84,1400,22,0.07682105153799057,0.4424397051334381,-0.3142143487930298,0.9985925555229187,147,477
84,1400,23,0.08069293946027756,0.39405253529548645,0.1033255010843277,0.9999095797538757,154,425
84,1400,24,0.06109105795621872,0.39860984683036804,-0.10353854298591614,0.9999585747718811,117,430
84,1400,25,0.07023107260465622,0.6148906946182251,0.21777984499931335,0.8572211861610413,134,664
84,1400,26,0.12110721319913864,0.6214162707328796,-0.09108468145132065,0.9967420697212219,232,671
84,1400,27,0.05816017463803291,0.8270034193992615,0.3307318687438965,0.9672560691833496,111,893
84,1400,28,0.09956236928701401,0.8410797119140625,0.024332517758011818,0.9955686330795288,191,908
84,1400,29,0.04804055765271187,0.8624376058578491,0.3354378342628479,0.9459860920906067,92,931
84,1400,30,0.07571964710950851,0.870797872543335,0.03276903182268143,0.9610511064529419,145,940
84,1400,31,0.10321765393018723,0.8716043829917908,0.2693016231060028,0.9726260900497437,198,941
84,1400,32,0.14444902539253235,0.9008506536483765,-0.05095892772078514,0.9912664890289307,277,972
85,1416,0,0.09906888008117676,0.013241141103208065,-0.14517079293727875,0.9989308714866638,190,14
85,1416,1,0.09836246818304062,-0.00396253727376461,-0.1397571712732315,0.9971902966499329,188,-4
85,1416,2,0.09727625548839569,-0.004129130393266678,-0.1400778740644455,0.9969314336776733,186,-4
85,1416,3,0.09634346514940262,-0.004185332916676998,-0.1400643289089203,0.9981473088264465,184,-4
85,1416,4,0.09720970690250397,-0.0055408775806427,-0.17041093111038208,0.9987630248069763,186,-5
85,1416,5,0.0951019674539566,-0.007335723377764225,-0.17073722183704376,0.9991047978401184,182,-7
85,1416,6,0.09292163699865341,-0.009358055889606476,-0.17088930308818817,0.9993438720703125,178,-10
85,1416,7,0.08296512812376022,-0.009107624180614948,-0.08054494112730026,0.9995102286338806,159,-9
85,1416,8,0.0741209089756012,-0.011678663082420826,-0.2228277176618576,0.9995793104171753,142,-12
85,1416,9,0.09008622169494629,0.028202421963214874,-0.11498988419771194,0.9996957182884216,172,30
85,1416,10,0.0888080820441246,0.026076747104525566,-0.15861304104328156,0.9998196363449097,170,28
85,1416,11,0.0732041522860527,0.09912183880805969,0.043079718947410583,0.9999514222145081,140,107
85,1416,12,0.03409986197948456,0.0838959738612175,-0.2759901285171509,0.9999901056289673,65,90
85,1416,13,0.0960354283452034,0.26382601261138916,0.12392978370189667,0.7197507619857788,184,284
85,1416,14,0.014696186408400536,0.2574978768825531,-0.3322675824165344,0.9998909831047058,28,278
85,1416,15,0.1443762481212616,0.3515249788761139,0.08470574021339417,0.8381273746490479,277,379
85,1416,16,0.05839241296052933,0.41447606682777405,-0.3599160313606262,0.999752938747406,112,447
85,1416,17,0.15552948415279388,0.38927769660949707,0.08105797320604324,0.8295365571975708,298,420
85,1416,18,0.057671431452035904,0.4601413309574127,-0.40044644474983215,0.9992652535438538,110,496
85,1416,19,0.1579788476228714,0.3877926170825958,0.04352933168411255,0.8461084365844727,303,418
85,1416,20,0.07482052594423294,0.45620155334472656,-0.40780726075172424,0.9993185997009277,143,492
85,1416,21,0.15106606483459473,0.37602242827415466,0.06804277747869492,0.8364512920379639,290,406
85,1416,22,0.07713014632463455,0.44306185841560364,-0.3636687695980072,0.998481810092926,148,478
85,1416,23,0.08177070319652557,0.3943120539188385,0.10500261187553406,0.9999158978462219,156,425
85,1416,24,0.06402916461229324,0.39965128898620605,-0.10519322007894516,0.9999613165855408,122,431
85,1416,25,0.06994215399026871,0.6183201670646667,0.22071117162704468,0.8434104323387146,134,667
85,1416,26,0.12536439299583435,0.6214193105697632,-0.09224292635917664,0.9962877035140991,240,671
85,1416,27,0.05834900587797165,0.8314720392227173,0.3314814865589142,0.9649662375450134,112,897
85,1416,28,0.1177443116903305,0.8504898548126221,-0.018941672518849373,0.9953733682632446,226,918
85,1416,29,0.04769454151391983,0.8694931864738464,0.33552607893943787,0.9455040097236633,91,939
85,1416,30,0.09997709095478058,0.8844581842422485,-0.01656959019601345,0.9607654213905334,191,955
85,1416,31,0.10394153743982315,0.8768733143806458,0.26915550231933594,0.971632719039917,199,947
85,1416,32,0.16603399813175201,0.9126654267311096,-0.1252957135438919,0.9910438656806946,318,985
86,1433,0,0.10547587275505066,0.012224230915307999,-0.1447559893131256,0.9989568591117859,202,13
86,1433,1,0.1044478565454483,-0.007591143250465393,-0.1388186663389206,0.9972798228263855,200,-8
86,1433,2,0.10304301232099533,-0.00802537426352501,-0.13912995159626007,0.9970288872718811,197,-8
86,1433,3,0.10197875648736954,-0.0081325089558959,-0.13912077248096466,0.9981980919837952,195,-8
86,1433,4,0.10318808257579803,-0.00854654610157013,-0.17009428143501282,0.9987905621528625,198,-9
86,1433,5,0.10099977999925613,-0.009991551749408245,-0.1704217791557312,0.9991263747215271,193,-10
86,1433,6,0.09895709156990051,-0.011507962830364704,-0.17057351768016815,0.9993600249290466,189,-12
86,1433,7,0.08822997659444809,-0.010760720819234848,-0.0799647718667984,0.9994820356369019,169,-11
86,1433,8,0.08058352768421173,-0.013627939857542515,-0.22490127384662628,0.9995478391647339,154,-14
86,1433,9,0.09628818184137344,0.026188833639025688,-0.11461622267961502,0.9996771812438965,184,28
86,1433,10,0.09473374485969543,0.024768028408288956,-0.15857920050621033,0.9998052716255188,181,26
86,1433,11,0.0783151239156723,0.09482783079147339,0.04296853393316269,0.9999523758888245,150,102
86,1433,12,0.040457069873809814,0.08385127782821655,-0.28074386715888977,0.9999904036521912,77,90
86,1433,13,0.10317157953977585,0.2612328827381134,0.12341209501028061,0.696854829788208,198,282
86,1433,14,0.01625138334929943,0.2602573335170746,-0.35168907046318054,0.999853253364563,31,281
86,1433,15,0.15209347009658813,0.351217120885849,0.08254627883434296,0.8336634039878845,292,379
86,1433,16,0.058586638420820236,0.41939154267311096,-0.39577463269233704,0.9997158050537109,112,452
86,1433,17,0.16502176225185394,0.3879275918006897,0.07945448905229568,0.8250182271003723,316,418
86,1433,18,0.05778247490525246,0.4662191569805145,-0.43910276889801025,0.9991702437400818,110,503
86,1433,19,0.1677798479795456,0.38648661971092224,0.03923354670405388,0.8422227501869202,322,417
86,1433,20,0.07484365254640579,0.45958977937698364,-0.4461027681827545,0.9992268681526184,143,496
86,1433,21,0.16007128357887268,0.3750527799129486,0.06488914042711258,0.8307905197143555,307,405
86,1433,22,0.07740601152181625,0.4455966353416443,-0.4000309109687805,0.9982831478118896,148,481
86,1433,23,0.08477865904569626,0.3955734670162201,0.10608868300914764,0.9999200701713562,162,427
86,1433,24,0.07013402134180069,0.4026574194431305,-0.10627433657646179,0.9999631643295288,134,434
86,1433,25,0.0698489099740982,0.6218215227127075,0.22243471443653107,0.8047036528587341,134,671
86,1433,26,0.12876014411449432,0.6218127012252808,-0.08516432344913483,0.9935653805732727,247,671
86,1433,27,0.05834551155567169,0.8334729671478271,0.33044442534446716,0.9557014107704163,112,900
86,1433,28,0.13202157616615295,0.8623321056365967,-0.01742486096918583,0.9943274855613708,253,931
86,1433,29,0.04652756452560425,0.8728176951408386,0.3347836136817932,0.9396731853485107,89,942
86,1433,30,0.11606501042842865,0.9006253480911255,-0.016169046983122826,0.9570950865745544,222,972
86,1433,31,0.10361887514591217,0.8815800547599792,0.26008936762809753,0.9662096500396729,198,952
86,1433,32,0.18610025942325592,0.9113214015960693,-0.13196580111980438,0.9894070029258728,357,984
87,1450,0,0.1078244000673294,0.004254165571182966,-0.142607182264328,0.9988740086555481,207,4
87,1450,1,0.106651671230793,-0.01845306158065796,-0.13568942248821259,0.9970988035202026,204,-19
87,1450,2,0.10568654537200928,-0.01795271597802639,-0.13602586090564728,0.9968191981315613,202,-19
87,1450,3,0.10497363656759262,-0.016941506415605545,-0.13600921630859375,0.9980593919754028,201,-18
87,1450,4,0.10499346256256104,-0.019296560436487198,-0.1666882187128067,0.9986918568611145,201,-20
87,1450,5,0.10295513272285461,-0.019582951441407204,-0.16704021394252777,0.9990601539611816,197,-21
87,1450,6,0.10104843229055405,-0.019715767353773117,-0.16720661520957947,0.9993182420730591,194,-21
87,1450,7,0.09144296497106552,-0.01350363902747631,-0.07360164821147919,0.9993484020233154,175,-14
87,1450,8,0.08333637565374374,-0.017153406515717506,-0.21624048054218292,0.9994386434555054,160,-18
87,1450,9,0.09973607957363129,0.02018589712679386,-0.1115008145570755,0.9996044635772705,191,21
87,1450,10,0.09788409620523453,0.019032467156648636,-0.15506243705749512,0.9997565746307373,187,20
87,1450,11,0.08392970263957977,0.09400895982980728,0.05060487985610962,0.9999491572380066,161,101
87,1450,12,0.04466962069272995,0.083749920129776,-0.2737228274345398,0.9999902844429016,85,90
87,1450,13,0.11128938943147659,0.2600604295730591,0.12771913409233093,0.6742223501205444,213,280
87,1450,14,0.019315632060170174,0.260897696018219,-0.34165194630622864,0.9998059272766113,37,281
87,1450,15,0.16139696538448334,0.351206511259079,0.08257665485143661,0.8237916231155396,309,379
87,1450,16,0.05877900868654251,0.42160770297050476,-0.3800015151500702,0.9996690154075623,112,455
87,1450,17,0.17272138595581055,0.38742125034332275,0.07954581826925278,0.8149958252906799,331,418
87,1450,18,0.05786959081888199,0.4697660505771637,-0.42231935262680054,0.999061644077301,111,507
87,1450,19,0.17520157992839813,0.38629817962646484,0.03951666131615639,0.8330876231193542,336,417
87,1450,20,0.0747918114066124,0.4630248546600342,-0.43072763085365295,0.9991216659545898,143,500
87,1450,21,0.16848783195018768,0.37488600611686707,0.06526898592710495,0.8200933337211609,323,404
87,1450,22,0.07745332270860672,0.4479367434978485,-0.3846413791179657,0.9980608820915222,148,483
87,1450,23,0.09073616564273834,0.39691078662872314,0.10603618621826172,0.9999233484268188,174,428
87,1450,24,0.0780605897307396,0.40483561158180237,-0.10622309148311615,0.9999647736549377,149,437
87,1450,25,0.07011593133211136,0.6225715279579163,0.2186880260705948,0.7739948034286499,134,672
87,1450,26,0.13358990848064423,0.6229040622711182,-0.08885455131530762,0.9917437434196472,256,672
87,1450,27,0.05847064405679703,0.8356985449790955,0.3189771771430969,0.9489499926567078,112,902
87,1450,28,0.1447141319513321,0.8717144131660461,-0.03670665994286537,0.9938754439353943,277,941
87,1450,29,0.04543517902493477,0.8765987157821655,0.32110172510147095,0.9346213340759277,87,946
87,1450,30,0.1277453601360321,0.9114952087402344,-0.037798646837472916,0.9556299448013306,245,984
87,1450,31,0.10382694751024246,0.8826741576194763,0.2351004183292389,0.9619802832603455,199,953
87,1450,32,0.20533208549022675,0.9106487035751343,-0.1613471806049347,0.9886388778686523,394,983
88,1466,0,0.11396773904561996,0.00444857869297266,-0.14260567724704742,0.9986540675163269,218,4
88,1466,1,0.11192462593317032,-0.017518673092126846,-0.13553813099861145,0.9966631531715393,214,-18
88,1466,2,0.11094953864812851,-0.01709161512553692,-0.13587206602096558,0.9963123798370361,213,-18
88,1466,3,0.11021959781646729,-0.01621738262474537,-0.13585728406906128,0.9977226853370667,211,-17
88,1466,4,0.11027342826128006,-0.018365107476711273,-0.16673016548156738,0.998477041721344,211,-19
88,1466,5,0.10819514840841293,-0.01877393200993538,-0.16708295047283173,0.9989147782325745,207,-20
88,1466,6,0.10620284825563431,-0.019057078287005424,-0.16725298762321472,0.9992281794548035,203,-20
88,1466,7,0.09630563110113144,-0.013321341946721077,-0.07360629737377167,0.9990745186805725,184,-14
88,1466,8,0.08794721961021423,-0.0168612003326416,-0.21640902757644653,0.9992549419403076,168,-18
88,1466,9,0.10603291541337967,0.02037564292550087,-0.11149054020643234,0.9994574189186096,203,22
88,1466,10,0.10420028865337372,0.019219936802983284,-0.15510530769824982,0.9996724128723145,200,20
88,1466,11,0.08759929239749908,0.09368838369846344,0.05055581405758858,0.9999426603317261,168,101
88,1466,12,0.04948363080620766,0.08382804691791534,-0.27391576766967773,0.9999900460243225,95,90
88,1466,13,0.11656264960765839,0.26009371876716614,0.1273694485425949,0.636204183101654,223,280
88,1466,14,0.023509148508310318,0.26314130425453186,-0.34349438548088074,0.9997504949569702,45,284
88,1466,15,0.1706308275461197,0.35120704770088196,0.08253064751625061,0.8034800887107849,327,379
88,1466,16,0.059315960854291916,0.4248085618019104,-0.389895498752594,0.9996387362480164,113,458
88,1466,17,0.18103627860546112,0.386849582195282,0.07959210127592087,0.7950344681739807,347,417
88,1466,18,0.05789583921432495,0.47437652945518494,-0.4327342212200165,0.9989778399467468,111,512
88,1466,19,0.1834951937198639,0.3858903646469116,0.03880562633275986,0.8145458698272705,352,416
88,1466,20,0.07414048165082932,0.46774202585220337,-0.4416038393974304,0.9990427494049072,142,505
88,1466,21,0.17774698138237,0.3747557997703552,0.06467881798744202,0.7998522520065308,341,404
88,1466,22,0.07713930308818817,0.45144274830818176,-0.39498597383499146,0.9978830814361572,148,487
88,1466,23,0.09345833212137222,0.3976300358772278,0.10602933913469315,0.9999249577522278,179,429
88,1466,24,0.08233494311571121,0.40632933378219604,-0.1062183603644371,0.9999657273292542,158,438
88,1466,25,0.07125411182641983,0.6224400401115417,0.21757443249225616,0.7320852875709534,136,672
88,1466,26,0.14031241834163666,0.6252429485321045,-0.07581376284360886,0.9867568016052246,269,675
88,1466,27,0.058490101248025894,0.8354833126068115,0.3166123330593109,0.9377394914627075,112,902
88,1466,28,0.1583089828491211,0.8742253184318542,-0.025926504284143448,0.992587149143219,303,944
88,1466,29,0.044353511184453964,0.8774853944778442,0.3180732727050781,0.9258382320404053,85,947
88,1466,30,0.1442786157131195,0.914925217628479,-0.022333601489663124,0.951255202293396,277,988
88,1466,31,0.10349444299936295,0.8823836445808411,0.228379026055336,0.954831600189209,198,952
88,1466,32,0.219716876745224,0.909218966960907,-0.13810916244983673,0.9865021109580994,421,981
89,1483,0,0.11853773891925812,0.005107415374368429,-0.14006710052490234,0.9985584020614624,227,5
89,1483,1,0.11646570265293121,-0.01716449111700058,-0.13337962329387665,0.9965197443962097,223,-18
89,1483,2,0.11548928171396255,-0.01665364019572735,-0.13372676074504852,0.9961344599723816,221,-17
89,1483,3,0.11470290273427963,-0.01586248353123665,-0.1337028443813324,0.9975929260253906,220,-17
89,1483,4,0.11479292064905167,-0.017982030287384987,-0.16428017616271973,0.9984155297279358,220,-19
89,1483,5,0.11263125389814377,-0.018337761983275414,-0.16464315354824066,0.998875617980957,216,-19
89,1483,6,0.11048184335231781,-0.01868305541574955,-0.16482143104076385,0.9992080926895142,212,-20
89,1483,7,0.09898760914802551,-0.013292593881487846,-0.07288859784603119,0.9989566802978516,190,-14
89,1483,8,0.09215191006660461,-0.01659860461950302,-0.21439266204833984,0.9991940259933472,176,-17
89,1483,9,0.11097291857004166,0.020497316494584084,-0.10934989154338837,0.9994007349014282,213,22
89,1483,10,0.10907986015081406,0.019272886216640472,-0.1525668501853943,0.9996417760848999,209,20
89,1483,11,0.09201934188604355,0.09385471045970917,0.050552189350128174,0.9999399781227112,176,101
89,1483,12,0.055213529616594315,0.08385369926691055,-0.27295583486557007,0.9999902248382568,106,90
89,1483,13,0.1225130632519722,0.2600471079349518,0.1270827353000641,0.6125433444976807,235,280
89,1483,14,0.028784118592739105,0.2648121416568756,-0.34189411997795105,0.9997074604034424,55,285
89,1483,15,0.1761970967054367,0.35082197189331055,0.0826287567615509,0.7929260730743408,338,378
89,1483,16,0.06014328822493553,0.43003609776496887,-0.38906827569007874,0.9996309280395508,115,464
89,1483,17,0.18754903972148895,0.38476988673210144,0.08078816533088684,0.7856126427650452,360,415
89,1483,18,0.057790178805589676,0.4789871275424957,-0.4315936863422394,0.9989613890647888,110,517
89,1483,19,0.18943217396736145,0.3838362395763397,0.03933575376868248,0.8063640594482422,363,414
89,1483,20,0.07338869571685791,0.47419705986976624,-0.44130897521972656,0.9990271329879761,140,512
89,1483,21,0.18362464010715485,0.3734334111213684,0.06498042494058609,0.791035532951355,352,403
89,1483,22,0.07694477587938309,0.45819976925849915,-0.39463725686073303,0.9978599548339844,147,494
89,1483,23,0.09539546072483063,0.39894843101501465,0.10587453842163086,0.9999286532402039,183,430
89,1483,24,0.08534080535173416,0.40764519572257996,-0.10606762766838074,0.9999675750732422,163,440
89,1483,25,0.07273782044649124,0.6223938465118408,0.21676293015480042,0.7054772973060608,139,672
89,1483,26,0.14559513330459595,0.6255364418029785,-0.07594619691371918,0.984653651714325,279,675
89,1483,27,0.05847203731536865,0.8352100253105164,0.316089928150177,0.9313888549804688,112,902
89,1483,28,0.16949708759784698,0.8736717104911804,-0.0218735933303833,0.9922476410865784,325,943
89,1483,29,0.04355756565928459,0.8772575855255127,0.3177304267883301,0.9195854663848877,83,947
89,1483,30,0.15639238059520721,0.9140608906745911,-0.020181456580758095,0.9504349827766418,300,987
89,1483,31,0.10182196646928787,0.8841271996498108,0.22960834205150604,0.9510790705680847,195,954
89,1483,32,0.23100638389587402,0.9072129130363464,-0.1404559165239334,0.9859943389892578,443,979
90,1500,0,0.12444141507148743,0.00524553656578064,-0.13913099467754364,0.9985979795455933,238,5
90,1500,1,0.12238077074289322,-0.01645604521036148,-0.1327483355998993,0.9966332912445068,234,-17
90,1500,2,0.12120663374662399,-0.01614796184003353,-0.13310319185256958,0.9962671995162964,232,-17
90,1500,3,0.1201404482126236,-0.015540024265646935,-0.1330784410238266,0.9976696968078613,230,-16
90,1500,4,0.12109936773777008,-0.017220323905348778,-0.1640181988477707,0.9984661340713501,232,-18
90,1500,5,0.11902455240488052,-0.017728174105286598,-0.16437958180904388,0.9989129900932312,228,-19
90,1500,6,0.11691578477621078,-0.018199769780039787,-0.16455261409282684,0.999233603477478,224,-19
90,1500,7,0.10464759916067123,-0.013653320260345936,-0.07265744358301163,0.9989669919013977,200,-14
90,1500,8,0.09845641255378723,-0.01682841032743454,-0.21588081121444702,0.9991974234580994,189,-18
90,1500,9,0.11668968200683594,0.02061057835817337,-0.10877449065446854,0.9994019269943237,224,22
90,1500,10,0.11504946649074554,0.019388478249311447,-0.15238827466964722,0.9996427297592163,220,20
90,1500,11,0.09494034945964813,0.09300881624221802,0.05026044324040413,0.9999412298202515,182,100
90,1500,12,0.06101556494832039,0.08389080315828323,-0.2744559943675995,0.9999904036521912,117,90
90,1500,13,0.12434306740760803,0.259135901927948,0.12684644758701324,0.5936126112937927,238,279
90,1500,14,0.033197179436683655,0.2663281559944153,-0.34644490480422974,0.9996321797370911,63,287
90,1500,15,0.1816946417093277,0.3485327363014221,0.08344897627830505,0.7900854349136353,348,376
90,1500,16,0.0614711232483387,0.4349735677242279,-0.3872014284133911,0.9996052384376526,118,469
90,1500,17,0.19353166222572327,0.38148558139801025,0.08308877050876617,0.7845686078071594,371,412
90,1500,18,0.058103255927562714,0.48367661237716675,-0.42798224091529846,0.9989104270935059,111,522
90,1500,19,0.19462108612060547,0.3799980580806732,0.0394737645983696,0.8060513734817505,373,410
90,1500,20,0.0735214501619339,0.4795336127281189,-0.4373558461666107,0.9989797472953796,141,517
90,1500,21,0.18948747217655182,0.3699333071708679,0.06506357342004776,0.7901909351348877,363,399
90,1500,22,0.07729770243167877,0.4644593298435211,-0.39242616295814514,0.9977825284004211,148,501
90,1500,23,0.10111289471387863,0.4002106487751007,0.1058528944849968,0.9999300837516785,194,432
90,1500,24,0.09185003489255905,0.40894851088523865,-0.10604362189769745,0.9999681115150452,176,441
90,1500,25,0.07603984326124191,0.6222479939460754,0.19854284822940826,0.6690826416015625,145,672
90,1500,26,0.15079952776432037,0.6259480118751526,-0.07737062871456146,0.9767740368843079,289,676
90,1500,27,0.058815207332372665,0.8348889946937561,0.2805066406726837,0.9158515334129333,112,901
90,1500,28,0.17680692672729492,0.8746501803398132,-0.018606366589665413,0.9901754856109619,339,944
90,1500,29,0.043186962604522705,0.8762636780738831,0.2808033525943756,0.9068481922149658,82,946
90,1500,30,0.1638346165418625,0.9166951775550842,-0.01707819476723671,0.9452313780784607,314,990
90,1500,31,0.09970438480377197,0.8856842517852783,0.19589869678020477,0.9415217638015747,191,956
90,1500,32,0.23544058203697205,0.9072662591934204,-0.13098891079425812,0.9827885031700134,452,979
91,1516,0,0.12964138388633728,0.00623692013323307,-0.138407900929451,0.9986881017684937,248,6
91,1516,1,0.127424418926239,-0.01639292575418949,-0.13232076168060303,0.996868908405304,244,-17
91,1516,2,0.12604665756225586,-0.015960348770022392,-0.13268281519412994,0.9965283870697021,242,-17
91,1516,3,0.12471166998147964,-0.015298929996788502,-0.13265757262706757,0.9978322386741638,239,-16
91,1516,4,0.12644480168819427,-0.017047187313437462,-0.1638234257698059,0.9985711574554443,242,-18
91,1516,5,0.12436031550168991,-0.01755671389400959,-0.16418501734733582,0.9989870190620422,238,-18
91,1516,6,0.12215247750282288,-0.0179881751537323,-0.1643550843000412,0.9992851614952087,234,-19
91,1516,7,0.1096051037311554,-0.013580569997429848,-0.07247897982597351,0.9990301132202148,210,-14
91,1516,8,0.1030912771821022,-0.016659392043948174,-0.21689565479755402,0.9992402791976929,197,-17
91,1516,9,0.12133599817752838,0.02099280059337616,-0.10821548104286194,0.9994340538978577,232,22
91,1516,10,0.11993282288312912,0.019914422184228897,-0.15217480063438416,0.999660849571228,230,21
91,1516,11,0.09885690361261368,0.09312606602907181,0.05022016540169716,0.999943733215332,189,100
91,1516,12,0.06573674827814102,0.0842403843998909,-0.2754382789134979,0.9999908208847046,126,90
91,1516,13,0.12901949882507324,0.25887560844421387,0.1279073804616928,0.5834674835205078,247,279
91,1516,14,0.03733891621232033,0.26703131198883057,-0.3453119099140167,0.999623715877533,71,288
91,1516,15,0.18716244399547577,0.34656640887260437,0.08889246731996536,0.79384446144104,359,374
91,1516,16,0.0626603215932846,0.4362015128135681,-0.3809736669063568,0.9995969533920288,120,471
91,1516,17,0.19955268502235413,0.37811294198036194,0.08986864984035492,0.7876084446907043,383,408
91,1516,18,0.058634813874959946,0.48532697558403015,-0.4201744496822357,0.9988846778869629,112,524
91,1516,19,0.20131796598434448,0.3760879933834076,0.04513194039463997,0.8090837001800537,386,406
91,1516,20,0.07369745522737503,0.4817565977573395,-0.43062061071395874,0.9989558458328247,141,520
91,1516,21,0.1965254694223404,0.3668077290058136,0.06978510320186615,0.792793333530426,377,396
91,1516,22,0.07745596021413803,0.46660375595092773,-0.38648954033851624,0.9977440237998962,148,503
91,1516,23,0.1076657623052597,0.400312215089798,0.1059211790561676,0.9999347925186157,206,432
91,1516,24,0.09621977061033249,0.4092346727848053,-0.10611501336097717,0.9999702572822571,184,441
91,1516,25,0.07910770922899246,0.6221466660499573,0.1991412192583084,0.6551348567008972,151,671
91,1516,26,0.15803180634975433,0.6273896098136902,-0.08088310807943344,0.9767600893974304,303,677
91,1516,27,0.05888046324253082,0.8346613645553589,0.2885003983974457,0.9152198433876038,113,901
91,1516,28,0.18045368790626526,0.875845193862915,-0.03524314984679222,0.9904300570487976,346,945
91,1516,29,0.04251222684979439,0.8755359649658203,0.29001447558403015,0.9082171320915222,81,945
91,1516,30,0.16823554039001465,0.9186185002326965,-0.03643930330872536,0.9470304846763611,323,992
91,1516,31,0.1015675738453865,0.8845388293266296,0.2082391083240509,0.94184809923172,195,955
91,1516,32,0.2423359602689743,0.909318208694458,-0.1550544947385788,0.9832803606987,465,982
92,1533,0,0.13833370804786682,0.005883194971829653,-0.13793015480041504,0.9986555576324463,265,6
92,1533,1,0.13566942512989044,-0.01738951914012432,-0.13228213787078857,0.996854841709137,260,-18
92,1533,2,0.13384288549423218,-0.01734907552599907,-0.1326531171798706,0.9965091347694397,256,-18
92,1533,3,0.13209806382656097,-0.01680038310587406,-0.13262775540351868,0.997828483581543,253,-18
92,1533,4,0.13499405980110168,-0.01748088002204895,-0.1635567843914032,0.9985517263412476,259,-18
92,1533,5,0.13269838690757751,-0.017913321033120155,-0.1639198362827301,0.9989674091339111,254,-19
92,1533,6,0.13003221154212952,-0.01865406706929207,-0.16409118473529816,0.999275803565979,249,-20
92,1533,7,0.11586508899927139,-0.015273844823241234,-0.0740358904004097,0.9990050196647644,222,-16
92,1533,8,0.11349452286958694,-0.020042672753334045,-0.2169657051563263,0.9992011785507202,217,-21
92,1533,9,0.12901972234249115,0.01984863355755806,-0.10816814750432968,0.9994146823883057,247,21
92,1533,10,0.12766078114509583,0.01918896660208702,-0.15187455713748932,0.9996448159217834,245,20
92,1533,11,0.1051025390625,0.09297412633895874,0.046551890671253204,0.999943196773529,201,100
92,1533,12,0.07249592244625092,0.0846698060631752,-0.27538326382637024,0.9999907612800598,139,91
92,1533,13,0.13561932742595673,0.25897127389907837,0.12652215361595154,0.5498960614204407,260,279
92,1533,14,0.04328886419534683,0.26957178115844727,-0.3416373133659363,0.9995603561401367,83,291
92,1533,15,0.19383105635643005,0.3459055423736572,0.08958431333303452,0.7759292125701904,372,373
92,1533,16,0.06443025916814804,0.4403228759765625,-0.3741927742958069,0.9995379447937012,123,475
92,1533,17,0.20482605695724487,0.3767743706703186,0.09055785089731216,0.7724637389183044,393,406
92,1533,18,0.059588201344013214,0.4888237714767456,-0.41286471486091614,0.9987444877624512,114,527
92,1533,19,0.2070256918668747,0.37469977140426636,0.04617914929986,0.7949790954589844,397,404
92,1533,20,0.07430703938007355,0.4863610863685608,-0.4233250617980957,0.9988238215446472,142,525
92,1533,21,0.2025625854730606,0.36554017663002014,0.07049908488988876,0.7772051692008972,388,394
92,1533,22,0.07819435745477676,0.47154882550239563,-0.3797028660774231,0.9975006580352783,150,509
92,1533,23,0.1153566911816597,0.4047086834907532,0.1051626205444336,0.9999368190765381,221,437
92,1533,24,0.10341696441173553,0.413600891828537,-0.10537721961736679,0.9999712705612183,198,446
92,1533,25,0.0815717950463295,0.6236172914505005,0.21052592992782593,0.6199499368667603,156,673
92,1533,26,0.16447432339191437,0.6310203075408936,-0.043327901512384415,0.9703543782234192,315,681
92,1533,27,0.05896981060504913,0.8344936966896057,0.3126673996448517,0.9050991535186768,113,901
92,1533,28,0.1838412880897522,0.8764261603355408,0.042973119765520096,0.988964319229126,352,946
92,1533,29,0.0420650839805603,0.8748964071273804,0.31530019640922546,0.9018180966377258,80,944
92,1533,30,0.17070899903774261,0.9188482165336609,0.04595085605978966,0.9432126879692078,327,992
92,1533,31,0.10231152176856995,0.8840543627738953,0.23456773161888123,0.935741662979126,196,954
92,1533,32,0.24292530119419098,0.9116352200508118,-0.06616450101137161,0.980988085269928,466,984
93,1550,0,0.14495356380939484,0.007846000604331493,-0.1374618411064148,0.9987424612045288,278,8
93,1550,1,0.14217980206012726,-0.01662699319422245,-0.1322265863418579,0.9970734119415283,272,-17
93,1550,2,0.14026355743408203,-0.01684742048382759,-0.13259004056453705,0.9967525601387024,269,-18
93,1550,3,0.13832752406597137,-0.016464833170175552,-0.13256607949733734,0.9979811906814575,265,-17
93,1550,4,0.1415812373161316,-0.01652640849351883,-0.1633962094783783,0.9986463785171509,271,-17
93,1550,5,0.1392076164484024,-0.017047638073563576,-0.16375865042209625,0.9990330934524536,267,-18
93,1550,6,0.13656634092330933,-0.017710037529468536,-0.16392473876476288,0.9993210434913635,262,-19
93,1550,7,0.121272511780262,-0.014825706370174885,-0.07595949620008469,0.999069094657898,232,-16
93,1550,8,0.1171046793460846,-0.019345872104167938,-0.2171943634748459,0.999238908290863,224,-20
93,1550,9,0.1355636715888977,0.021585892885923386,-0.10809985548257828,0.9994457364082336,260,23
93,1550,10,0.1343647539615631,0.0207675751298666,-0.15150809288024902,0.9996614456176758,257,22
93,1550,11,0.10951722413301468,0.09302365034818649,0.04391365498304367,0.9999454021453857,210,100
93,1550,12,0.07883729040622711,0.08468804508447647,-0.272594153881073,0.9999910593032837,151,91
93,1550,13,0.13878457248210907,0.25898903608322144,0.12488441169261932,0.5224937796592712,266,279
93,1550,14,0.045788343995809555,0.26952114701271057,-0.34064966440200806,0.9995124936103821,87,291
93,1550,15,0.1974865049123764,0.3447518050670624,0.09085295349359512,0.768014669418335,379,372
93,1550,16,0.06627131998538971,0.44178006052970886,-0.37059590220451355,0.9995031952857971,127,477
93,1550,17,0.209697425365448,0.3748130798339844,0.0918460562825203,0.7679039835929871,402,404
93,1550,18,0.06114967167377472,0.49144500494003296,-0.408805251121521,0.9986797571182251,117,530
93,1550,19,0.21184968948364258,0.37183693051338196,0.04882748797535896,0.7910285592079163,406,401
93,1550,20,0.07538315653800964,0.48973366618156433,-0.41897353529930115,0.9987624883651733,144,528
93,1550,21,0.2073391079902649,0.36361801624298096,0.07225899398326874,0.771995484828949,398,392
93,1550,22,0.07969619333744049,0.4740789830684662,-0.3761017918586731,0.9974061846733093,153,512
93,1550,23,0.11840954422950745,0.40798041224479675,0.10408700257539749,0.9999383687973022,227,440
93,1550,24,0.10914184153079987,0.41697949171066284,-0.10433277487754822,0.9999721050262451,209,450
93,1550,25,0.08528860658407211,0.6235761046409607,0.21493235230445862,0.5903983116149902,163,673
93,1550,26,0.16922582685947418,0.6338680386543274,-0.028683235868811607,0.9656867384910583,324,684
93,1550,27,0.059159521013498306,0.8342072367668152,0.32054024934768677,0.8949989080429077,113,900
93,1550,28,0.1859367936849594,0.879172682762146,0.05113207548856735,0.9880404472351074,356,949
93,1550,29,0.04156685993075371,0.8747051358222961,0.3238143026828766,0.8981987833976746,79,944
93,1550,30,0.1714666336774826,0.9225114583969116,0.053626254200935364,0.9420043230056763,329,996
93,1550,31,0.10385043174028397,0.8840914964675903,0.25108224153518677,0.9305222034454346,199,954
93,1550,32,0.24438630044460297,0.9165394306182861,-0.053115200251340866,0.9795759320259094,469,989
94,1566,0,0.15229612588882446,0.008254121989011765,-0.13400985300540924,0.9988080263137817,292,8
94,1566,1,0.1494748890399933,-0.016306132078170776,-0.1300545632839203,0.9972460865974426,286,-17
94,1566,2,0.1473747193813324,-0.016506459563970566,-0.13042287528514862,0.9969467520713806,282,-17
94,1566,3,0.1451743245124817,-0.01613420434296131,-0.13041172921657562,0.9981039762496948,278,-17
94,1566,4,0.1492030918598175,-0.016178302466869354,-0.15990883111953735,0.998717188835144,286,-17
94,1566,5,0.1469428986310959,-0.016726408153772354,-0.16026514768600464,0.9990807175636292,282,-18
94,1566,6,0.14445927739143372,-0.017461437731981277,-0.16041401028633118,0.9993537068367004,277,-18
94,1566,7,0.12816379964351654,-0.014776460826396942,-0.07609829306602478,0.9991195797920227,246,-15
94,1566,8,0.12423181533813477,-0.0190847460180521,-0.2142300307750702,0.9992592334747314,238,-20
94,1566,9,0.14235791563987732,0.021947864443063736,-0.10629628598690033,0.9994646906852722,273,23
94,1566,10,0.14127306640148163,0.02118160016834736,-0.14784492552280426,0.999669075012207,271,22
94,1566,11,0.11577222496271133,0.09308323264122009,0.037235286086797714,0.9999469518661499,222,100
94,1566,12,0.08483421057462692,0.08541198074817657,-0.25601500272750854,0.999991238117218,162,92
94,1566,13,0.14355367422103882,0.2590298652648926,0.1146964579820633,0.4971148669719696,275,279
94,1566,14,0.04977754130959511,0.2698563039302826,-0.31717613339424133,0.9994547963142395,95,291
94,1566,15,0.20215542614459991,0.34461405873298645,0.09003470093011856,0.7542141079902649,388,372
94,1566,16,0.06754271686077118,0.44207656383514404,-0.3566964566707611,0.9994431734085083,129,477
94,1566,17,0.2139837145805359,0.37474533915519714,0.09177424758672714,0.7568068504333496,410,404
94,1566,18,0.06284753233194351,0.4929245114326477,-0.3894710838794708,0.9985688328742981,120,532
94,1566,19,0.21609753370285034,0.3714972734451294,0.0487663671374321,0.7807809710502625,414,401
94,1566,20,0.07676471024751663,0.49186864495277405,-0.40365931391716003,0.9986593127250671,147,531
94,1566,21,0.21177609264850616,0.36339330673217773,0.07187017053365707,0.7605498433113098,406,392
94,1566,22,0.08105991780757904,0.4756022095680237,-0.36452990770339966,0.9972522258758545,155,513
94,1566,23,0.12252680212259293,0.408998966217041,0.09762396663427353,0.9999391436576843,235,441
94,1566,24,0.11355869472026825,0.4186380207538605,-0.09790697693824768,0.9999725818634033,218,452
94,1566,25,0.08916216343641281,0.6233871579170227,0.2062998116016388,0.5682518482208252,171,673
94,1566,26,0.17478197813034058,0.6348257660865784,-0.026925373822450638,0.9615170359611511,335,685
94,1566,27,0.05943765118718147,0.8340803384780884,0.29768046736717224,0.8863677978515625,114,900
94,1566,28,0.18776245415210724,0.8810037970542908,0.040766701102256775,0.9873020648956299,360,951
94,1566,29,0.04136798530817032,0.8743127584457397,0.29986369609832764,0.89488285779953,79,944
94,1566,30,0.17203707993030548,0.9239938855171204,0.042872074991464615,0.9412224888801575,330,997
94,1566,31,0.10492178797721863,0.884570300579071,0.23354797065258026,0.9265606999397278,201,955
94,1566,32,0.24623794853687286,0.9205470681190491,-0.060210179537534714,0.9786524772644043,472,994
95,1583,0,0.15795236825942993,0.008323878049850464,-0.13312266767024994,0.9988744258880615,303,8
95,1583,1,0.15514665842056274,-0.015955032780766487,-0.12938715517520905,0.9974266290664673,297,-17
95,1583,2,0.15330395102500916,-0.016160959377884865,-0.12976054847240448,0.9971480965614319,294,-17
95,1583,3,0.1514253467321396,-0.01581256277859211,-0.1297561377286911,0.9982331395149231,290,-17
95,1583,4,0.1541617065668106,-0.015827855095267296,-0.1586839109659195,0.9987931251525879,295,-17
95,1583,5,0.151677668094635,-0.016428112983703613,-0.15903669595718384,0.9991309642791748,291,-17
95,1583,6,0.14902596175670624,-0.01720549911260605,-0.15918365120887756,0.9993890523910522,286,-18
95,1583,7,0.13495264947414398,-0.014722682535648346,-0.07653307914733887,0.999176561832428,259,-15
95,1583,8,0.1286771595478058,-0.01882796734571457,-0.21263226866722107,0.99928879737854,247,-20
95,1583,9,0.14876985549926758,0.021980874240398407,-0.10596542060375214,0.9994930028915405,285,23
95,1583,10,0.14698690176010132,0.021199317649006844,-0.14682576060295105,0.9996826648712158,282,22
95,1583,11,0.12248069792985916,0.09317797422409058,0.03159446641802788,0.9999490976333618,235,100
95,1583,12,0.08955427259206772,0.08638689666986465,-0.25050026178359985,0.9999914169311523,171,93
95,1583,13,0.14885954558849335,0.2588607370853424,0.1092526763677597,0.4822012782096863,285,279
95,1583,14,0.05427868291735649,0.2704732120037079,-0.3100343346595764,0.9994332790374756,104,292
95,1583,15,0.20544077455997467,0.3444587290287018,0.08995365351438522,0.7515307068824768,394,372
95,1583,16,0.07028746604919434,0.44382795691490173,-0.351014107465744,0.9994107484817505,134,479
95,1583,17,0.2175864726305008,0.3746548891067505,0.09132574498653412,0.7552922368049622,417,404
95,1583,18,0.06559032946825027,0.49511757493019104,-0.38304221630096436,0.998511016368866,125,534
95,1583,19,0.21954581141471863,0.371330201625824,0.04950569197535515,0.7794297933578491,421,401
95,1583,20,0.07865985482931137,0.49463456869125366,-0.39785245060920715,0.9986050724983215,151,534
95,1583,21,0.21497248113155365,0.3632461130619049,0.07202691584825516,0.7583092451095581,412,392
95,1583,22,0.08307424187660217,0.47843894362449646,-0.3596205413341522,0.9971812963485718,159,516
95,1583,23,0.1268271803855896,0.4138803482055664,0.0932733565568924,0.9999420046806335,243,446
95,1583,24,0.11813138425350189,0.42392805218696594,-0.09355410188436508,0.9999738931655884,226,457
95,1583,25,0.09222914278507233,0.6232953667640686,0.21378062665462494,0.563809335231781,177,673
95,1583,26,0.1783844530582428,0.6373671293258667,-0.01936790905892849,0.9620242118835449,342,688
95,1583,27,0.059634730219841,0.8338260650634766,0.32091978192329407,0.8871070146560669,114,900
95,1583,28,0.1885075867176056,0.8824615478515625,0.04956548660993576,0.9877486228942871,361,953
95,1583,29,0.04106505587697029,0.8737660050392151,0.32522040605545044,0.8964083194732666,78,943
95,1583,30,0.17206069827079773,0.9252080321311951,0.051667530089616776,0.9436390399932861,330,999
95,1583,31,0.10493345558643341,0.8850831389427185,0.2656111717224121,0.9277344346046448,201,955
95,1583,32,0.2464277446269989,0.9231725931167603,-0.04734812676906586,0.9794930219650269,473,997
96,1600,0,0.16477851569652557,0.008383787237107754,-0.1332675814628601,0.9989262223243713,316,9
96,1600,1,0.16219183802604675,-0.01563301496207714,-0.1293906569480896,0.997562825679779,311,-16
96,1600,2,0.16012679040431976,-0.015915656462311745,-0.12976334989070892,0.9972943663597107,307,-17
96,1600,3,0.15788790583610535,-0.015643039718270302,-0.12975919246673584,0.9983248710632324,303,-16
96,1600,4,0.16194374859333038,-0.015519542619585991,-0.15875013172626495,0.9988539814949036,310,-16
96,1600,5,0.15977981686592102,-0.016205094754695892,-0.1591007560491562,0.9991733431816101,306,-17
96,1600,6,0.15732033550739288,-0.017111869528889656,-0.15924806892871857,0.9994194507598877,302,-18
96,1600,7,0.14138509333133698,-0.014492673799395561,-0.07632182538509369,0.9992141723632812,271,-15
96,1600,8,0.1374528408050537,-0.018705887719988823,-0.212795689702034,0.9993159174919128,263,-20
96,1600,9,0.15504497289657593,0.022709758952260017,-0.10597121715545654,0.9995102286338806,297,24
96,1600,10,0.15409302711486816,0.021724052727222443,-0.14702540636062622,0.9996922612190247,295,23
96,1600,11,0.12903320789337158,0.09322117269039154,0.03331531211733818,0.9999494552612305,247,100
96,1600,12,0.09616133570671082,0.08640186488628387,-0.2530929744243622,0.9999916553497314,184,93
96,1600,13,0.15409798920154572,0.25828316807746887,0.11047785729169846,0.4628574252128601,295,278
96,1600,14,0.06087320297956467,0.27037712931632996,-0.31201308965682983,0.9994347095489502,116,292
96,1600,15,0.21076995134353638,0.3444975018501282,0.09003344178199768,0.744818925857544,404,372
96,1600,16,0.07360610365867615,0.44247815012931824,-0.35107356309890747,0.9994322061538696,141,477
96,1600,17,0.22140273451805115,0.37487345933914185,0.0910441130399704,0.7507227063179016,425,404
96,1600,18,0.06860518455505371,0.4945906400680542,-0.38313907384872437,0.9985670447349548,131,534
96,1600,19,0.223331481218338,0.37171006202697754,0.049793221056461334,0.7752495408058167,428,401
96,1600,20,0.08230017125606537,0.494698703289032,-0.39828553795814514,0.9986576437950134,158,534
96,1600,21,0.21888969838619232,0.3634716272354126,0.07223337143659592,0.7533379793167114,420,392
96,1600,22,0.08671586960554123,0.47835755348205566,-0.35924917459487915,0.9972925782203674,166,516
96,1600,23,0.13274545967578888,0.41309601068496704,0.09389938414096832,0.9999431371688843,254,446
96,1600,24,0.12377763539552689,0.4227965772151947,-0.09417879581451416,0.9999746680259705,237,456
96,1600,25,0.09866812080144882,0.6221358180046082,0.2134958952665329,0.5506675243377686,189,671
96,1600,26,0.18155807256698608,0.6407957077026367,-0.022301916033029556,0.9600253701210022,348,692
96,1600,27,0.06014621630311012,0.8323079347610474,0.3207665681838989,0.8829303979873657,115,898
96,1600,28,0.18934635818004608,0.8819708824157715,0.054736919701099396,0.9874086976051331,363,952
96,1600,29,0.04102417454123497,0.8716688752174377,0.32518163323402405,0.8955014944076538,78,941
96,1600,30,0.17152689397335052,0.9251251816749573,0.05749424546957016,0.9437429308891296,329,999
96,1600,31,0.10517840087413788,0.8850600719451904,0.26143020391464233,0.9257966876029968,201,955
96,1600,32,0.2462485283613205,0.9269301295280457,-0.041167039424180984,0.97905433177948,472,1001
97,1616,0,0.16692891716957092,0.008405789732933044,-0.1336953043937683,0.998967170715332,320,9
97,1616,1,0.1638166308403015,-0.0153296934440732,-0.13057616353034973,0.9976767897605896,314,-16
97,1616,2,0.1621958464384079,-0.015641752630472183,-0.13095296919345856,0.9974239468574524,311,-16
97,1616,3,0.16059933602809906,-0.015416364185512066,-0.13095222413539886,0.998405933380127,308,-16
97,1616,4,0.16308045387268066,-0.015270105563104153,-0.15901662409305573,0.9989005923271179,313,-16
97,1616,5,0.1610453873872757,-0.01599619723856449,-0.15936970710754395,0.9992048740386963,309,-17
97,1616,6,0.15899023413658142,-0.01690388098359108,-0.15951795876026154,0.999441921710968,305,-18
97,1616,7,0.144852876663208,-0.014449579641222954,-0.08339036256074905,0.9992431402206421,278,-15
97,1616,8,0.14098484814167023,-0.01853698305785656,-0.2129494696855545,0.9993283748626709,270,-20
97,1616,9,0.15893016755580902,0.022809315472841263,-0.10773180425167084,0.9995210766792297,305,24
97,1616,10,0.1576695740222931,0.021881867200136185,-0.14715473353862762,0.9996952414512634,302,23
97,1616,11,0.1364172250032425,0.0932227149605751,0.021840015426278114,0.999950110912323,261,100
97,1616,12,0.10208727419376373,0.0865645706653595,-0.2522128224372864,0.999991774559021,196,93
97,1616,13,0.15884901583194733,0.25820139050483704,0.09772436320781708,0.443912535905838,304,278
97,1616,14,0.06666769087314606,0.27073758840560913,-0.30686184763908386,0.9994015097618103,128,292
97,1616,15,0.2136317789554596,0.3448209762573242,0.08388771116733551,0.7358236312866211,410,372
97,1616,16,0.0787544772028923,0.4440464377403259,-0.34335291385650635,0.9994293451309204,151,479
97,1616,17,0.22428655624389648,0.3754533529281616,0.08545836061239243,0.7444466352462769,430,405
97,1616,18,0.07267298549413681,0.49556228518486023,-0.3745773434638977,0.9985758662223816,139,535
97,1616,19,0.22616204619407654,0.3724794387817383,0.0456753708422184,0.7697049975395203,434,402
97,1616,20,0.08555868268013,0.4964553713798523,-0.38973575830459595,0.998666524887085,164,536
97,1616,21,0.2214059978723526,0.3641376495361328,0.06705355644226074,0.7468947172164917,425,393
97,1616,22,0.09058666974306107,0.4805619418621063,-0.3515189588069916,0.9973332285881042,173,519
97,1616,23,0.13546811044216156,0.4141160547733307,0.08956553041934967,0.9999438524246216,260,447
97,1616,24,0.12921853363513947,0.4238492548465729,-0.08986413478851318,0.9999750852584839,248,457
97,1616,25,0.10208819806575775,0.6221047639846802,0.20897050201892853,0.5344552993774414,196,671
97,1616,26,0.1864212602376938,0.6420266032218933,-4.337662903708406e-05,0.9546589851379395,357,693
97,1616,27,0.06060163304209709,0.8309592008590698,0.30638885498046875,0.8782109618186951,116,897
97,1616,28,0.18969003856182098,0.8820905089378357,0.08036664873361588,0.9866876602172852,364,952
97,1616,29,0.0410558357834816,0.8697449564933777,0.3097269833087921,0.8932780623435974,78,939
97,1616,30,0.17206913232803345,0.9247867465019226,0.08359041064977646,0.9430269598960876,330,998
97,1616,31,0.10523676127195358,0.8858271837234497,0.2512158751487732,0.9237067103385925,202,956
97,1616,32,0.2477276772260666,0.9276052117347717,-0.008803185075521469,0.9781479239463806,475,1001
98,1633,0,0.1733737289905548,0.009460275061428547,-0.13269275426864624,0.9990085959434509,332,10
98,1633,1,0.17096133530139923,-0.013883356936275959,-0.1300060749053955,0.9977903366088867,328,-14
98,1633,2,0.16910548508167267,-0.014528337866067886,-0.13038475811481476,0.9975497722625732,324,-15
98,1633,3,0.16725215315818787,-0.014695043675601482,-0.13038794696331024,0.998485267162323,321,-15
98,1633,4,0.17060904204845428,-0.013828432187438011,-0.15827728807926178,0.9989489316940308,327,-14
98,1633,5,0.16851530969142914,-0.01482810266315937,-0.1586296260356903,0.999237596988678,323,-16
98,1633,6,0.1663368195295334,-0.016015175729990005,-0.15877430140972137,0.9994654655456543,319,-17
98,1633,7,0.1513250321149826,-0.014135957695543766,-0.08265837281942368,0.9992772936820984,290,-15
98,1633,8,0.1479049026966095,-0.018433693796396255,-0.21273331344127655,0.9993482232093811,283,-19
98,1633,9,0.1642974317073822,0.02389773540198803,-0.10712938010692596,0.999535858631134,315,25
98,1633,10,0.16346284747123718,0.022583553567528725,-0.14625540375709534,0.9997025728225708,313,24
98,1633,11,0.14106890559196472,0.09328459203243256,0.023323407396674156,0.9999508857727051,270,100
98,1633,12,0.10728480666875839,0.08628619462251663,-0.25022175908088684,0.9999919533729553,205,93
98,1633,13,0.16226696968078613,0.2582473158836365,0.09787217527627945,0.4277671277523041,311,278
98,1633,14,0.07211320102214813,0.27057284116744995,-0.30106040835380554,0.9993908405303955,138,292
98,1633,15,0.2168007791042328,0.3452834188938141,0.08119259029626846,0.7280083298683167,416,372
98,1633,16,0.08291298896074295,0.44336962699890137,-0.33253076672554016,0.9994431138038635,159,478
98,1633,17,0.2269461750984192,0.3763788640499115,0.08231685310602188,0.7387978434562683,435,406
98,1633,18,0.07683239132165909,0.4948585331439972,-0.36346399784088135,0.9986177682876587,147,534
98,1633,19,0.22922204434871674,0.3733607828617096,0.043624721467494965,0.7644620537757874,440,403
98,1633,20,0.08932337164878845,0.49620321393013,-0.37815478444099426,0.9987058043479919,171,535
98,1633,21,0.22451584041118622,0.3649384677410126,0.06473549455404282,0.7409577369689941,431,394
98,1633,22,0.09441743046045303,0.47971203923225403,-0.3401002287864685,0.9974204301834106,181,518
98,1633,23,0.14046289026737213,0.4144761562347412,0.088609479367733,0.9999440312385559,269,447
98,1633,24,0.1339687556028366,0.4246767461299896,-0.08891133219003677,0.9999753832817078,257,458
98,1633,25,0.10677425563335419,0.6235153079032898,0.20905493199825287,0.5217027068138123,205,673
98,1633,26,0.1902160793542862,0.6441534161567688,0.00034979888005182147,0.9516716003417969,365,695
98,1633,27,0.06152234226465225,0.8284683227539062,0.3066980540752411,0.8712685704231262,118,894
98,1633,28,0.19002828001976013,0.8824448585510254,0.0824364572763443,0.9860213398933411,364,953
98,1633,29,0.04111463949084282,0.8659250736236572,0.30981600284576416,0.8903442025184631,78,935
98,1633,30,0.17147687077522278,0.924930989742279,0.08603499084711075,0.9422901272773743,329,998
98,1633,31,0.105367012321949,0.8856317400932312,0.25782302021980286,0.9199022054672241,202,956
98,1633,32,0.24842768907546997,0.9299044013023376,-0.0014227564679458737,0.9771538972854614,476,1004
99,1650,0,0.17759062349796295,0.006824207026511431,-0.13271746039390564,0.9989838004112244,340,7
99,1650,1,0.1749764084815979,-0.015964485704898834,-0.13002021610736847,0.9977938532829285,335,-17
99,1650,2,0.17323239147663116,-0.016377771273255348,-0.13039840757846832,0.9975652098655701,332,-17
99,1650,3,0.17146816849708557,-0.016416458413004875,-0.1304028034210205,0.9985011219978333,329,-17
99,1650,4,0.17486049234867096,-0.015742795541882515,-0.1581796556711197,0.9989249110221863,335,-17
99,1650,5,0.1730901300907135,-0.016350558027625084,-0.15853358805179596,0.9992126822471619,332,-17
99,1650,6,0.17125561833381653,-0.01709362491965294,-0.1586800068616867,0.9994500279426575,328,-18
99,1650,7,0.15669503808021545,-0.0146771389991045,-0.08455152064561844,0.9992785453796387,300,-15
99,1650,8,0.15461541712284088,-0.018345270305871964,-0.21167050302028656,0.9993066191673279,296,-19
99,1650,9,0.16905413568019867,0.02198399417102337,-0.1071576401591301,0.9995262026786804,324,23
99,1650,10,0.16854676604270935,0.02043059840798378,-0.14600619673728943,0.9996874332427979,323,22
99,1650,11,0.1473904699087143,0.09249864518642426,0.01974700577557087,0.9999517202377319,282,99
99,1650,12,0.11335636675357819,0.08587471395730972,-0.24317851662635803,0.9999918341636658,217,92
99,1650,13,0.16589826345443726,0.2572535574436188,0.09297160804271698,0.4152747094631195,318,277
99,1650,14,0.07831964641809464,0.2704858183860779,-0.2764606773853302,0.9993258118629456,150,292
99,1650,15,0.21949352324008942,0.3453158140182495,0.07057788968086243,0.7266284823417664,421,372
99,1650,16,0.08861283212900162,0.44448527693748474,-0.2934547960758209,0.999416172504425,170,480
99,1650,17,0.22981218993663788,0.3765878975391388,0.0703435018658638,0.7384182214736938,441,406
99,1650,18,0.08175411820411682,0.49544379115104675,-0.32096996903419495,0.9985743761062622,156,535
99,1650,19,0.23148569464683533,0.37359189987182617,0.03368011489510536,0.7638664245605469,444,403
99,1650,20,0.09477362036705017,0.4967435598373413,-0.3365781903266907,0.9986643195152283,181,536
99,1650,21,0.22657793760299683,0.3650182783603668,0.05500447005033493,0.7391114234924316,435,394
99,1650,22,0.10016269236803055,0.48017990589141846,-0.30050933361053467,0.9973722100257874,192,518
99,1650,23,0.14737485349178314,0.4153330624103546,0.08557438850402832,0.9999436736106873,282,448
99,1650,24,0.1379537582397461,0.4246261417865753,-0.08589096367359161,0.9999751448631287,264,458
99,1650,25,0.11309076100587845,0.6265174150466919,0.2085913121700287,0.5094364881515503,217,676
99,1650,26,0.19320455193519592,0.6466163992881775,0.014390666969120502,0.9474192261695862,370,698
99,1650,27,0.06266088038682938,0.8260236382484436,0.3064654469490051,0.8654258251190186,120,892
99,1650,28,0.19047634303569794,0.8837827444076538,0.1038554459810257,0.985332190990448,365,954
99,1650,29,0.04113296419382095,0.861571729183197,0.30985844135284424,0.8858679533004761,78,930
99,1650,30,0.17192333936691284,0.9272095561027527,0.10851405560970306,0.9411022663116455,330,1001
99,1650,31,0.10521278530359268,0.8856109380722046,0.2565796673297882,0.9166555404663086,202,956
99,1650,32,0.24744467437267303,0.9320271611213684,0.023579688742756844,0.9761693477630615,475,1006
100,1666,0,0.18414784967899323,0.0064102415926754475,-0.13259539008140564,0.9990549683570862,353,6
100,1666,1,0.18172875046730042,-0.01622980833053589,-0.12994840741157532,0.9979594349861145,348,-17
100,1666,2,0.17974959313869476,-0.01668465882539749,-0.1303282529115677,0.9977494478225708,345,-18
100,1666,3,0.17776919901371002,-0.01681635156273842,-0.13033072650432587,0.9986136555671692,341,-18
100,1666,4,0.1819017231464386,-0.016097113490104675,-0.15813429653644562,0.9990025758743286,349,-17
100,1666,5,0.1801052987575531,-0.01675446890294552,-0.1584891974925995,0.9992693662643433,345,-18
100,1666,6,0.17828033864498138,-0.017484838142991066,-0.15863516926765442,0.9994896054267883,342,-18
100,1666,7,0.1620880514383316,-0.015588663518428802,-0.08374296128749847,0.9993295669555664,311,-16
100,1666,8,0.1613166183233261,-0.018620377406477928,-0.21173320710659027,0.9993520379066467,309,-20
100,1666,9,0.17520363628864288,0.021243929862976074,-0.1069687157869339,0.9995568990707397,336,22
100,1666,10,0.17481425404548645,0.019557297229766846,-0.14584442973136902,0.9997066855430603,335,21
100,1666,11,0.15317153930664062,0.09105214476585388,0.022614266723394394,0.999954104423523,294,98
100,1666,12,0.12007424235343933,0.084819495677948,-0.24510446190834045,0.9999922513961792,230,91
100,1666,13,0.17043326795101166,0.25727009773254395,0.0964060127735138,0.41489705443382263,327,277
100,1666,14,0.0836285725235939,0.2702706754207611,-0.2790467441082001,0.9993478059768677,160,291
100,1666,15,0.22307206690311432,0.34948742389678955,0.06991208344697952,0.7343308329582214,428,377
100,1666,16,0.09383019059896469,0.4446589946746826,-0.29530856013298035,0.999445378780365,180,480
100,1666,17,0.23212705552577972,0.38304904103279114,0.06885018199682236,0.7459051609039307,445,413
100,1666,18,0.08617054671049118,0.49506106972694397,-0.32485154271125793,0.9986448884010315,165,534
100,1666,19,0.233370840549469,0.3810668885707855,0.03198590129613876,0.7706964015960693,448,411
100,1666,20,0.10001068562269211,0.4965587556362152,-0.3395960032939911,0.9987301826477051,192,536
100,1666,21,0.2292788326740265,0.37168729305267334,0.05412342771887779,0.7455502152442932,440,401
100,1666,22,0.10564793646335602,0.48017674684524536,-0.30185607075691223,0.997506856918335,202,518
100,1666,23,0.15321823954582214,0.4148663878440857,0.0867353305220604,0.9999462366104126,294,448
100,1666,24,0.14192499220371246,0.4239346385002136,-0.08703844994306564,0.999976396560669,272,457
100,1666,25,0.12351276725530624,0.6263840198516846,0.2090894728899002,0.5140043497085571,237,676
100,1666,26,0.19541332125663757,0.6470212936401367,0.0006894061807543039,0.9490326046943665,375,698
100,1666,27,0.06456824392080307,0.821848452091217,0.31155163049697876,0.867026686668396,123,887
100,1666,28,0.19146615266799927,0.8840040564537048,0.08777637779712677,0.985856294631958,367,954
100,1666,29,0.041582029312849045,0.853655993938446,0.3159056305885315,0.8874357342720032,79,921
100,1666,30,0.17185775935649872,0.9272335171699524,0.09213007986545563,0.9432775974273682,329,1001
100,1666,31,0.10518468916416168,0.8857280015945435,0.2642686069011688,0.9186944961547852,201,956
100,1666,32,0.24894264340400696,0.9333471059799194,0.002616084646433592,0.9771404266357422,477,1008
101,1683,0,0.1912730187177658,0.005952596664428711,-0.12613718211650848,0.999111533164978,367,6
101,1683,1,0.18954822421073914,-0.017360340803861618,-0.12441717088222504,0.9980958104133606,363,-18
101,1683,2,0.18742869794368744,-0.017874639481306076,-0.12478160858154297,0.9979000687599182,359,-19
101,1683,3,0.18517988920211792,-0.018046200275421143,-0.12477997690439224,0.9987046718597412,355,-19
101,1683,4,0.18956519663333893,-0.017048897221684456,-0.15264712274074554,0.9990658760070801,363,-18
101,1683,5,0.187539204955101,-0.017681092023849487,-0.1530076563358307,0.9993154406547546,360,-19
101,1683,6,0.1853506714105606,-0.018346892669796944,-0.15314079821109772,0.9995221495628357,355,-19
101,1683,7,0.16826196014881134,-0.017166784033179283,-0.08185043185949326,0.9993720054626465,323,-18
101,1683,8,0.16666443645954132,-0.020250855013728142,-0.20790553092956543,0.9993908405303955,319,-21
101,1683,9,0.18149961531162262,0.020823413506150246,-0.10077201575040817,0.9995802044868469,348,22
101,1683,10,0.1811973750591278,0.01899140700697899,-0.13949251174926758,0.9997218251228333,347,20
101,1683,11,0.1568165272474289,0.08975513279438019,0.02343687042593956,0.9999560117721558,301,96
101,1683,12,0.12734952569007874,0.08022696524858475,-0.24157872796058655,0.9999927282333374,244,86
101,1683,13,0.1733546257019043,0.25728586316108704,0.09907354414463043,0.4068904221057892,332,277
101,1683,14,0.09052804857492447,0.26886773109436035,-0.27125465869903564,0.9993731379508972,173,290
101,1683,15,0.22514036297798157,0.35514071583747864,0.07140040397644043,0.7350216507911682,432,383
101,1683,16,0.10100696980953217,0.444355845451355,-0.2809048593044281,0.9994819760322571,193,479
101,1683,17,0.23355959355831146,0.3901366591453552,0.07028709352016449,0.7479547262191772,448,421
101,1683,18,0.09220033138990402,0.4941333830356598,-0.30915382504463196,0.99873286485672,177,533
101,1683,19,0.23480921983718872,0.38927164673805237,0.033306706696748734,0.7726026773452759,450,420
101,1683,20,0.10664424300193787,0.4955337643623352,-0.32357633113861084,0.9988125562667847,204,535
101,1683,21,0.23105663061141968,0.37953776121139526,0.05549313873052597,0.7468700408935547,443,409
101,1683,22,0.11257649958133698,0.47986850142478943,-0.287060409784317,0.9976720213890076,216,518
101,1683,23,0.15483570098876953,0.4144790768623352,0.0872453898191452,0.9999474883079529,297,447
101,1683,24,0.14351946115493774,0.42318180203437805,-0.0875512883067131,0.9999772310256958,275,457
101,1683,25,0.13442116975784302,0.6262001395225525,0.2058294117450714,0.5158065557479858,258,676
101,1683,26,0.1972050666809082,0.6463099122047424,0.0022962361108511686,0.9500563144683838,378,698
101,1683,27,0.06857695430517197,0.8147813081741333,0.3042404055595398,0.8660646677017212,131,879
101,1683,28,0.19081129133701324,0.885351836681366,0.08284827321767807,0.9862157106399536,366,956
101,1683,29,0.04332496225833893,0.8404614329338074,0.3083599805831909,0.8870962262153625,83,907
101,1683,30,0.17188569903373718,0.9270440340042114,0.0867229774594307,0.944902777671814,330,1001
101,1683,31,0.10523625463247299,0.8859320282936096,0.26205456256866455,0.9193347096443176,202,956
101,1683,32,0.2473965734243393,0.9329846501350403,-0.0008347316179424524,0.9778542518615723,475,1007
102,1700,0,0.19628387689590454,0.00426803482696414,-0.12335707992315292,0.9989680647850037,376,4
102,1700,1,0.19426195323467255,-0.019378574565052986,-0.12154947221279144,0.9978630542755127,372,-20
102,1700,2,0.19250580668449402,-0.0197056382894516,-0.12190958112478256,0.9976627826690674,369,-21
102,1700,3,0.1905045211315155,-0.019622445106506348,-0.12190557271242142,0.9985499978065491,365,-21
102,1700,4,0.1937904804944992,-0.019039956852793694,-0.1500348150730133,0.9989210963249207,372,-20
102,1700,5,0.19183872640132904,-0.01948639377951622,-0.15039914846420288,0.9992132782936096,368,-21
102,1700,6,0.18968583643436432,-0.01986541599035263,-0.15054267644882202,0.9994540810585022,364,-21
102,1700,7,0.17628058791160583,-0.022653622552752495,-0.08082965761423111,0.9992856383323669,338,-24
102,1700,8,0.17370642721652985,-0.02561621554195881,-0.20619326829910278,0.9992969632148743,333,-27
102,1700,9,0.18756775557994843,0.0185017678886652,-0.09812368452548981,0.9994953870773315,360,19
102,1700,10,0.18707798421382904,0.016551144421100616,-0.13699425756931305,0.9996632933616638,359,17
102,1700,11,0.1639499068260193,0.08946022391319275,0.024602161720395088,0.9999536871910095,314,96
102,1700,12,0.1333550065755844,0.0742836594581604,-0.24223540723323822,0.9999924302101135,256,80
102,1700,13,0.1766696721315384,0.25767815113067627,0.10082283616065979,0.3933658301830292,339,278
102,1700,14,0.09831882268190384,0.26560842990875244,-0.2669902443885803,0.9993361830711365,188,286
102,1700,15,0.22642278671264648,0.3595578968524933,0.07199406623840332,0.7307681441307068,434,388
102,1700,16,0.10912708938121796,0.4437251687049866,-0.2609078288078308,0.9994958639144897,209,479
102,1700,17,0.23449698090553284,0.3963979184627533,0.0711662769317627,0.7457593679428101,450,428
102,1700,18,0.09833864867687225,0.4937104284763336,-0.28560134768486023,0.9987714290618896,188,533
102,1700,19,0.23635564744472504,0.39655885100364685,0.034204576164484024,0.7704373002052307,453,428
102,1700,20,0.11302675306797028,0.4945637881755829,-0.29987797141075134,0.9988477826118469,217,534
102,1700,21,0.23249024152755737,0.38550159335136414,0.05611325427889824,0.7440068125724792,446,416
102,1700,22,0.11921419203281403,0.47898316383361816,-0.2663441598415375,0.9977561235427856,228,517
102,1700,23,0.16267016530036926,0.4142967760562897,0.08765680342912674,0.9999450445175171,312,447
102,1700,24,0.15043820440769196,0.4215627610683441,-0.08797036856412888,0.9999761581420898,288,455
102,1700,25,0.1543136090040207,0.6260407567024231,0.18059127032756805,0.5067347288131714,296,676
102,1700,26,0.1964797079563141,0.6460943818092346,0.011364425532519817,0.943790078163147,377,697
102,1700,27,0.07526877522468567,0.807676374912262,0.2530761659145355,0.8629706501960754,144,872
102,1700,28,0.1904584914445877,0.8858254551887512,0.09128660708665848,0.9857051968574524,365,956
102,1700,29,0.04718603566288948,0.8290027976036072,0.2545241415500641,0.8833189010620117,90,895
102,1700,30,0.17192615568637848,0.9269554018974304,0.09515810012817383,0.9438571333885193,330,1001
102,1700,31,0.10546135902404785,0.8872300386428833,0.19562341272830963,0.9179906845092773,202,958
102,1700,32,0.24711951613426208,0.9334844350814819,0.008992109447717667,0.977139413356781,474,1008
103,1716,0,0.19758790731430054,-0.006768334191292524,-0.11337362229824066,0.9980130195617676,379,-7
103,1716,1,0.19610793888568878,-0.02560468763113022,-0.10832726210355759,0.996107816696167,376,-27
103,1716,2,0.19478324055671692,-0.026407238095998764,-0.10867177695035934,0.9957126975059509,373,-28
103,1716,3,0.19351479411125183,-0.02656020224094391,-0.10865972936153412,0.997346818447113,371,-28
103,1716,4,0.19518309831619263,-0.02559652365744114,-0.1380520910024643,0.9979069232940674,374,-27
103,1716,5,0.19331815838813782,-0.026424575597047806,-0.13842390477657318,0.998483419418335,371,-28
103,1716,6,0.19129924476146698,-0.027402281761169434,-0.13859885931015015,0.9989960789680481,367,-29
103,1716,7,0.17936620116233826,-0.03140700235962868,-0.05961647257208824,0.9985953569412231,344,-33
103,1716,8,0.17563803493976593,-0.034254927188158035,-0.1911250501871109,0.9986838102340698,337,-36
103,1716,9,0.18790441751480103,0.00926655437797308,-0.0864090844988823,0.9989848136901855,360,10
103,1716,10,0.1868014931678772,0.0077091907151043415,-0.12671200931072235,0.9993155598640442,358,8
103,1716,11,0.17015786468982697,0.08952786773443222,0.049977563321590424,0.9999393820762634,326,96
103,1716,12,0.1379367858171463,0.07055745273828506,-0.23904675245285034,0.9999906420707703,264,76
103,1716,13,0.1831345558166504,0.2613132894039154,0.11902419477701187,0.37551966309547424,351,282
103,1716,14,0.10597062110900879,0.2635795474052429,-0.2688053846359253,0.9992388486862183,203,284
103,1716,15,0.2301395833492279,0.3725815415382385,0.07714734971523285,0.7175289988517761,441,402
103,1716,16,0.11710342019796371,0.44227930903434753,-0.262954443693161,0.9994853138923645,224,477
103,1716,17,0.2346983253955841,0.4160795211791992,0.07702818512916565,0.733908474445343,450,449
103,1716,18,0.10474350303411484,0.49165287613868713,-0.2896389365196228,0.9987494945526123,201,530
103,1716,19,0.2353813648223877,0.415202796459198,0.03985520824790001,0.758777916431427,451,448
103,1716,20,0.12135981768369675,0.49343353509902954,-0.30258142948150635,0.998823344707489,233,532
103,1716,21,0.23196811974048615,0.4003569483757019,0.06102139130234718,0.7315359711647034,445,432
103,1716,22,0.12773267924785614,0.4775370955467224,-0.26777184009552,0.9977269768714905,245,515
103,1716,23,0.16529788076877594,0.4140857458114624,0.08797428756952286,0.9999398589134216,317,447
103,1716,24,0.1532534658908844,0.4178885221481323,-0.08831160515546799,0.9999737739562988,294,451
103,1716,25,0.16861821711063385,0.6260555982589722,0.17018446326255798,0.48562929034233093,323,676
103,1716,26,0.1976674348115921,0.6459574699401855,0.001694408361800015,0.9315995573997498,379,697
103,1716,27,0.08170255273580551,0.7995655536651611,0.2321961522102356,0.8526461124420166,156,863
103,1716,28,0.19167709350585938,0.8874145150184631,0.07910837233066559,0.9842517375946045,368,958
103,1716,29,0.05082836374640465,0.8161188364028931,0.23243246972560883,0.8709180951118469,97,881
103,1716,30,0.17255951464176178,0.9286261796951294,0.08281414955854416,0.9395109415054321,331,1002
103,1716,31,0.10563237965106964,0.8870696425437927,0.1641303449869156,0.911102831363678,202,958
103,1716,32,0.24988144636154175,0.9346826672554016,-0.007684314623475075,0.9748206734657288,479,1009
